key,released_target,corrected_target,change,evidence,outranked_by_id
1000,1,0,label_noise_corrected,dynamic_attack_negative,
100015,0,1,cross_corpus_conflict_resolved,dynamic_confirmed,primevul:195021
1001,1,0,label_noise_corrected,dynamic_attack_negative,
1002,1,0,label_noise_corrected,dynamic_attack_negative,
1003,1,0,label_noise_corrected,dynamic_attack_negative,
10039,1,0,label_noise_corrected,dynamic_attack_negative,
10040,1,0,label_noise_corrected,dynamic_attack_negative,
1005,1,0,label_noise_corrected,dynamic_attack_negative,
10051,1,0,label_noise_corrected,dynamic_attack_negative,
1006,1,0,label_noise_corrected,dynamic_attack_negative,
10089,1,0,label_noise_corrected,dynamic_attack_negative,
10090,1,0,label_noise_corrected,dynamic_attack_negative,
10092,1,0,label_noise_corrected,dynamic_attack_negative,
10103,1,0,label_noise_corrected,dynamic_attack_negative,
10106,1,0,label_noise_corrected,dynamic_attack_negative,
10110,1,0,label_noise_corrected,dynamic_attack_negative,
10111,1,0,label_noise_corrected,dynamic_attack_negative,
10116,1,0,label_noise_corrected,dynamic_attack_negative,
10178,1,0,label_noise_corrected,dynamic_attack_negative,
10182,1,0,label_noise_corrected,dynamic_attack_negative,
10183,1,0,label_noise_corrected,dynamic_attack_negative,
10184,1,0,label_noise_corrected,dynamic_attack_negative,
10185,1,0,label_noise_corrected,dynamic_attack_negative,
1019,1,0,label_noise_corrected,dynamic_attack_negative,
10190,1,0,label_noise_corrected,dynamic_attack_negative,
1024,1,0,label_noise_corrected,dynamic_attack_negative,
10263,1,0,label_noise_corrected,dynamic_attack_negative,
10264,1,0,label_noise_corrected,dynamic_attack_negative,
10265,1,0,label_noise_corrected,dynamic_attack_negative,
10266,1,0,label_noise_corrected,dynamic_attack_negative,
10271,1,0,label_noise_corrected,dynamic_attack_negative,
10272,1,0,label_noise_corrected,dynamic_attack_negative,
10273,1,0,label_noise_corrected,dynamic_attack_negative,
10274,1,0,label_noise_corrected,dynamic_attack_negative,
10275,1,0,label_noise_corrected,dynamic_attack_negative,
10276,1,0,label_noise_corrected,dynamic_attack_negative,
10278,1,0,label_noise_corrected,dynamic_attack_negative,
10279,1,0,label_noise_corrected,dynamic_attack_negative,
10280,1,0,label_noise_corrected,dynamic_attack_negative,
10281,1,0,label_noise_corrected,dynamic_attack_negative,
1029,1,0,label_noise_corrected,dynamic_attack_negative,
10318,1,0,label_noise_corrected,dynamic_attack_negative,
10319,1,0,label_noise_corrected,dynamic_attack_negative,
1032,1,0,label_noise_corrected,dynamic_attack_negative,
10322,1,0,label_noise_corrected,dynamic_attack_negative,
10323,1,0,label_noise_corrected,dynamic_attack_negative,
10327,1,0,label_noise_corrected,dynamic_attack_negative,
10333,1,0,label_noise_corrected,dynamic_attack_negative,
10334,1,0,label_noise_corrected,dynamic_attack_negative,
10335,1,0,label_noise_corrected,dynamic_attack_negative,
10342,1,0,label_noise_corrected,dynamic_attack_negative,
10343,1,0,label_noise_corrected,dynamic_attack_negative,
10347,1,0,label_noise_corrected,dynamic_attack_negative,
10349,1,0,label_noise_corrected,dynamic_attack_negative,
10356,1,0,label_noise_corrected,dynamic_attack_negative,
10357,1,0,label_noise_corrected,dynamic_attack_negative,
10358,1,0,label_noise_corrected,dynamic_attack_negative,
10359,1,0,label_noise_corrected,dynamic_attack_negative,
10360,1,0,label_noise_corrected,dynamic_attack_negative,
10361,1,0,label_noise_corrected,dynamic_attack_negative,
10363,1,0,label_noise_corrected,dynamic_attack_negative,
10364,1,0,label_noise_corrected,dynamic_attack_negative,
10365,1,0,label_noise_corrected,dynamic_attack_negative,
10366,1,0,label_noise_corrected,dynamic_attack_negative,
10367,1,0,label_noise_corrected,dynamic_attack_negative,
10368,1,0,label_noise_corrected,dynamic_attack_negative,
10369,1,0,label_noise_corrected,dynamic_attack_negative,
1037,1,0,label_noise_corrected,dynamic_attack_negative,
10370,1,0,label_noise_corrected,dynamic_attack_negative,
10371,1,0,label_noise_corrected,dynamic_attack_negative,
103890,0,1,cross_corpus_conflict_resolved,dynamic_confirmed,primevul:195495
1040,1,0,label_noise_corrected,dynamic_attack_negative,
10402,1,0,label_noise_corrected,dynamic_attack_negative,
10415,1,0,label_noise_corrected,dynamic_attack_negative,
1043,1,0,label_noise_corrected,dynamic_attack_negative,
1044,1,0,label_noise_corrected,dynamic_attack_negative,
1045,1,0,label_noise_corrected,dynamic_attack_negative,
10454,1,0,label_noise_corrected,dynamic_attack_negative,
10455,1,0,label_noise_corrected,dynamic_attack_negative,
10457,1,0,label_noise_corrected,dynamic_attack_negative,
10459,1,0,label_noise_corrected,dynamic_attack_negative,
10463,1,0,label_noise_corrected,dynamic_attack_negative,
104898,0,1,cross_corpus_conflict_resolved,dynamic_confirmed,diversevul:9108_8777bac27eaf
1049,1,0,label_noise_corrected,dynamic_attack_negative,
1050,1,0,label_noise_corrected,dynamic_attack_negative,
10516,1,0,label_noise_corrected,dynamic_attack_negative,
10524,1,0,label_noise_corrected,dynamic_attack_negative,
105604,0,1,cross_corpus_conflict_resolved,dynamic_confirmed,primevul:212394
105972,0,1,cross_corpus_conflict_resolved,dynamic_confirmed,primevul:202755
10598,1,0,label_noise_corrected,dynamic_attack_negative,
10679,1,0,label_noise_corrected,dynamic_attack_negative,
10680,1,0,label_noise_corrected,dynamic_attack_negative,
10699,1,0,label_noise_corrected,dynamic_attack_negative,
10701,1,0,label_noise_corrected,dynamic_attack_negative,
10702,1,0,label_noise_corrected,dynamic_attack_negative,
10706,1,0,label_noise_corrected,dynamic_attack_negative,
10752,1,0,label_noise_corrected,dynamic_attack_negative,
10767,1,0,label_noise_corrected,dynamic_attack_negative,
107683,0,1,cross_corpus_conflict_resolved,dynamic_confirmed,bigvul:182888
107782,0,1,cross_corpus_conflict_resolved,dynamic_confirmed,bigvul:183382
1078,1,0,label_noise_corrected,dynamic_attack_negative,
10795,1,0,label_noise_corrected,dynamic_attack_negative,
10875,1,0,label_noise_corrected,dynamic_attack_negative,
10878,1,0,label_noise_corrected,dynamic_attack_negative,
10879,1,0,label_noise_corrected,dynamic_attack_negative,
10880,1,0,label_noise_corrected,dynamic_attack_negative,
10881,1,0,label_noise_corrected,dynamic_attack_negative,
10883,1,0,label_noise_corrected,dynamic_attack_negative,
10888,1,0,label_noise_corrected,dynamic_attack_negative,
10890,1,0,label_noise_corrected,dynamic_attack_negative,
10891,1,0,label_noise_corrected,dynamic_attack_negative,
10892,1,0,label_noise_corrected,dynamic_attack_negative,
10897,1,0,label_noise_corrected,dynamic_attack_negative,
10901,1,0,label_noise_corrected,dynamic_attack_negative,
10942,1,0,label_noise_corrected,dynamic_attack_negative,
10943,1,0,label_noise_corrected,dynamic_attack_negative,
10947,1,0,label_noise_corrected,dynamic_attack_negative,
10949,1,0,label_noise_corrected,dynamic_attack_negative,
10951,1,0,label_noise_corrected,dynamic_attack_negative,
10952,1,0,label_noise_corrected,dynamic_attack_negative,
10953,1,0,label_noise_corrected,dynamic_attack_negative,
10958,1,0,label_noise_corrected,dynamic_attack_negative,
10961,1,0,label_noise_corrected,dynamic_attack_negative,
10963,1,0,label_noise_corrected,dynamic_attack_negative,
10964,1,0,label_noise_corrected,dynamic_attack_negative,
10965,1,0,label_noise_corrected,dynamic_attack_negative,
10966,1,0,label_noise_corrected,dynamic_attack_negative,
10993,1,0,label_noise_corrected,dynamic_attack_negative,
11011,1,0,label_noise_corrected,dynamic_attack_negative,
11013,1,0,label_noise_corrected,dynamic_attack_negative,
11015,1,0,label_noise_corrected,dynamic_attack_negative,
11034,1,0,label_noise_corrected,dynamic_attack_negative,
11036,1,0,label_noise_corrected,dynamic_attack_negative,
11037,1,0,label_noise_corrected,dynamic_attack_negative,
11039,1,0,label_noise_corrected,dynamic_attack_negative,
11040,1,0,label_noise_corrected,dynamic_attack_negative,
11041,1,0,label_noise_corrected,dynamic_attack_negative,
11091,1,0,label_noise_corrected,dynamic_attack_negative,
111,1,0,label_noise_corrected,dynamic_attack_negative,
11127,1,0,label_noise_corrected,dynamic_attack_negative,
11128,1,0,label_noise_corrected,dynamic_attack_negative,
11151,1,0,label_noise_corrected,dynamic_attack_negative,
11153,1,0,label_noise_corrected,dynamic_attack_negative,
11198,1,0,label_noise_corrected,dynamic_attack_negative,
11199,1,0,label_noise_corrected,dynamic_attack_negative,
11200,1,0,label_noise_corrected,dynamic_attack_negative,
11201,1,0,label_noise_corrected,dynamic_attack_negative,
11203,1,0,label_noise_corrected,dynamic_attack_negative,
11205,1,0,label_noise_corrected,dynamic_attack_negative,
11314,1,0,label_noise_corrected,dynamic_attack_negative,
11315,1,0,label_noise_corrected,dynamic_attack_negative,
11414,1,0,label_noise_corrected,dynamic_attack_negative,
11446,1,0,label_noise_corrected,dynamic_attack_negative,
11447,1,0,label_noise_corrected,dynamic_attack_negative,
11448,1,0,label_noise_corrected,dynamic_attack_negative,
11449,1,0,label_noise_corrected,dynamic_attack_negative,
11450,1,0,label_noise_corrected,dynamic_attack_negative,
11451,1,0,label_noise_corrected,dynamic_attack_negative,
11453,1,0,label_noise_corrected,dynamic_attack_negative,
11454,1,0,label_noise_corrected,dynamic_attack_negative,
11455,1,0,label_noise_corrected,dynamic_attack_negative,
11456,1,0,label_noise_corrected,dynamic_attack_negative,
11457,1,0,label_noise_corrected,dynamic_attack_negative,
11459,1,0,label_noise_corrected,dynamic_attack_negative,
11460,1,0,label_noise_corrected,dynamic_attack_negative,
11461,1,0,label_noise_corrected,dynamic_attack_negative,
11462,1,0,label_noise_corrected,dynamic_attack_negative,
11463,1,0,label_noise_corrected,dynamic_attack_negative,
11464,1,0,label_noise_corrected,dynamic_attack_negative,
11465,1,0,label_noise_corrected,dynamic_attack_negative,
11466,1,0,label_noise_corrected,dynamic_attack_negative,
11467,1,0,label_noise_corrected,dynamic_attack_negative,
11489,1,0,label_noise_corrected,dynamic_attack_negative,
11498,1,0,label_noise_corrected,dynamic_attack_negative,
11525,1,0,label_noise_corrected,dynamic_attack_negative,
11526,1,0,label_noise_corrected,dynamic_attack_negative,
11564,1,0,label_noise_corrected,dynamic_attack_negative,
11602,1,0,label_noise_corrected,dynamic_attack_negative,
11603,1,0,label_noise_corrected,dynamic_attack_negative,
11733,1,0,label_noise_corrected,dynamic_attack_negative,
11736,1,0,label_noise_corrected,dynamic_attack_negative,
11737,1,0,label_noise_corrected,dynamic_attack_negative,
11738,1,0,label_noise_corrected,dynamic_attack_negative,
11739,1,0,label_noise_corrected,dynamic_attack_negative,
11766,1,0,label_noise_corrected,dynamic_attack_negative,
11772,1,0,label_noise_corrected,dynamic_attack_negative,
118135,0,1,cross_corpus_conflict_resolved,dynamic_confirmed,bigvul:182814
11839,1,0,label_noise_corrected,dynamic_attack_negative,
11840,1,0,label_noise_corrected,dynamic_attack_negative,
11841,1,0,label_noise_corrected,dynamic_attack_negative,
11842,1,0,label_noise_corrected,dynamic_attack_negative,
11843,1,0,label_noise_corrected,dynamic_attack_negative,
11845,1,0,label_noise_corrected,dynamic_attack_negative,
11849,1,0,label_noise_corrected,dynamic_attack_negative,
11877,1,0,label_noise_corrected,dynamic_attack_negative,
11878,1,0,label_noise_corrected,dynamic_attack_negative,
11879,1,0,label_noise_corrected,dynamic_attack_negative,
11880,1,0,label_noise_corrected,dynamic_attack_negative,
11881,1,0,label_noise_corrected,dynamic_attack_negative,
11882,1,0,label_noise_corrected,dynamic_attack_negative,
11891,1,0,label_noise_corrected,dynamic_attack_negative,
11898,1,0,label_noise_corrected,dynamic_attack_negative,
11899,1,0,label_noise_corrected,dynamic_attack_negative,
11900,1,0,label_noise_corrected,dynamic_attack_negative,
11901,1,0,label_noise_corrected,dynamic_attack_negative,
11908,1,0,label_noise_corrected,dynamic_attack_negative,
11911,1,0,label_noise_corrected,dynamic_attack_negative,
11916,1,0,label_noise_corrected,dynamic_attack_negative,
11919,1,0,label_noise_corrected,dynamic_attack_negative,
11922,1,0,label_noise_corrected,dynamic_attack_negative,
11924,1,0,label_noise_corrected,dynamic_attack_negative,
11937,1,0,label_noise_corrected,dynamic_attack_negative,
11938,1,0,label_noise_corrected,dynamic_attack_negative,
11939,1,0,label_noise_corrected,dynamic_attack_negative,
11940,1,0,label_noise_corrected,dynamic_attack_negative,
12028,1,0,label_noise_corrected,dynamic_attack_negative,
12032,1,0,label_noise_corrected,dynamic_attack_negative,
12056,1,0,label_noise_corrected,dynamic_attack_negative,
12059,1,0,label_noise_corrected,dynamic_attack_negative,
12061,1,0,label_noise_corrected,dynamic_attack_negative,
12063,1,0,label_noise_corrected,dynamic_attack_negative,
12111,1,0,label_noise_corrected,dynamic_attack_negative,
12112,1,0,label_noise_corrected,dynamic_attack_negative,
12113,1,0,label_noise_corrected,dynamic_attack_negative,
12115,1,0,label_noise_corrected,dynamic_attack_negative,
12119,1,0,label_noise_corrected,dynamic_attack_negative,
12120,1,0,label_noise_corrected,dynamic_attack_negative,
12121,1,0,label_noise_corrected,dynamic_attack_negative,
12122,1,0,label_noise_corrected,dynamic_attack_negative,
12331,1,0,label_noise_corrected,dynamic_attack_negative,
12335,1,0,label_noise_corrected,dynamic_attack_negative,
12337,1,0,label_noise_corrected,dynamic_attack_negative,
12338,1,0,label_noise_corrected,dynamic_attack_negative,
12340,1,0,label_noise_corrected,dynamic_attack_negative,
12342,1,0,label_noise_corrected,dynamic_attack_negative,
124402,0,1,cross_corpus_conflict_resolved,dynamic_confirmed,bigvul:183397
124410,0,1,cross_corpus_conflict_resolved,dynamic_confirmed,bigvul:183400
124411,0,1,cross_corpus_conflict_resolved,dynamic_confirmed,bigvul:183396
12481,1,0,label_noise_corrected,dynamic_attack_negative,
12513,1,0,label_noise_corrected,dynamic_attack_negative,
12514,1,0,label_noise_corrected,dynamic_attack_negative,
12536,1,0,label_noise_corrected,dynamic_attack_negative,
12537,1,0,label_noise_corrected,dynamic_attack_negative,
12580,1,0,label_noise_corrected,dynamic_attack_negative,
12582,1,0,label_noise_corrected,dynamic_attack_negative,
12604,1,0,label_noise_corrected,dynamic_attack_negative,
12673,1,0,label_noise_corrected,dynamic_attack_negative,
12699,1,0,label_noise_corrected,dynamic_attack_negative,
12743,1,0,label_noise_corrected,dynamic_attack_negative,
12745,1,0,label_noise_corrected,dynamic_attack_negative,
12758,1,0,label_noise_corrected,dynamic_attack_negative,
12759,1,0,label_noise_corrected,dynamic_attack_negative,
12760,1,0,label_noise_corrected,dynamic_attack_negative,
12761,1,0,label_noise_corrected,dynamic_attack_negative,
12762,1,0,label_noise_corrected,dynamic_attack_negative,
12763,1,0,label_noise_corrected,dynamic_attack_negative,
12764,1,0,label_noise_corrected,dynamic_attack_negative,
12765,1,0,label_noise_corrected,dynamic_attack_negative,
12766,1,0,label_noise_corrected,dynamic_attack_negative,
12767,1,0,label_noise_corrected,dynamic_attack_negative,
12768,1,0,label_noise_corrected,dynamic_attack_negative,
12769,1,0,label_noise_corrected,dynamic_attack_negative,
12770,1,0,label_noise_corrected,dynamic_attack_negative,
12771,1,0,label_noise_corrected,dynamic_attack_negative,
12772,1,0,label_noise_corrected,dynamic_attack_negative,
12773,1,0,label_noise_corrected,dynamic_attack_negative,
12774,1,0,label_noise_corrected,dynamic_attack_negative,
12775,1,0,label_noise_corrected,dynamic_attack_negative,
12776,1,0,label_noise_corrected,dynamic_attack_negative,
12777,1,0,label_noise_corrected,dynamic_attack_negative,
12778,1,0,label_noise_corrected,dynamic_attack_negative,
12780,1,0,label_noise_corrected,dynamic_attack_negative,
12783,1,0,label_noise_corrected,dynamic_attack_negative,
12784,1,0,label_noise_corrected,dynamic_attack_negative,
12785,1,0,label_noise_corrected,dynamic_attack_negative,
12786,1,0,label_noise_corrected,dynamic_attack_negative,
12787,1,0,label_noise_corrected,dynamic_attack_negative,
12788,1,0,label_noise_corrected,dynamic_attack_negative,
12789,1,0,label_noise_corrected,dynamic_attack_negative,
12790,1,0,label_noise_corrected,dynamic_attack_negative,
12791,1,0,label_noise_corrected,dynamic_attack_negative,
12792,1,0,label_noise_corrected,dynamic_attack_negative,
127922,0,1,cross_corpus_conflict_resolved,dynamic_confirmed,bigvul:182347
12793,1,0,label_noise_corrected,dynamic_attack_negative,
12794,1,0,label_noise_corrected,dynamic_attack_negative,
12795,1,0,label_noise_corrected,dynamic_attack_negative,
12796,1,0,label_noise_corrected,dynamic_attack_negative,
127961,0,1,cross_corpus_conflict_resolved,dynamic_confirmed,bigvul:182346
12797,1,0,label_noise_corrected,dynamic_attack_negative,
12798,1,0,label_noise_corrected,dynamic_attack_negative,
12799,1,0,label_noise_corrected,dynamic_attack_negative,
12800,1,0,label_noise_corrected,dynamic_attack_negative,
12801,1,0,label_noise_corrected,dynamic_attack_negative,
12802,1,0,label_noise_corrected,dynamic_attack_negative,
12803,1,0,label_noise_corrected,dynamic_attack_negative,
12805,1,0,label_noise_corrected,dynamic_attack_negative,
12806,1,0,label_noise_corrected,dynamic_attack_negative,
12807,1,0,label_noise_corrected,dynamic_attack_negative,
12808,1,0,label_noise_corrected,dynamic_attack_negative,
12809,1,0,label_noise_corrected,dynamic_attack_negative,
1281,1,0,label_noise_corrected,dynamic_attack_negative,
12810,1,0,label_noise_corrected,dynamic_attack_negative,
12811,1,0,label_noise_corrected,dynamic_attack_negative,
12813,1,0,label_noise_corrected,dynamic_attack_negative,
12814,1,0,label_noise_corrected,dynamic_attack_negative,
12815,1,0,label_noise_corrected,dynamic_attack_negative,
12816,1,0,label_noise_corrected,dynamic_attack_negative,
12817,1,0,label_noise_corrected,dynamic_attack_negative,
12818,1,0,label_noise_corrected,dynamic_attack_negative,
1283,1,0,label_noise_corrected,dynamic_attack_negative,
12835,1,0,label_noise_corrected,dynamic_attack_negative,
12839,1,0,label_noise_corrected,dynamic_attack_negative,
12840,1,0,label_noise_corrected,dynamic_attack_negative,
12842,1,0,label_noise_corrected,dynamic_attack_negative,
12843,1,0,label_noise_corrected,dynamic_attack_negative,
12846,1,0,label_noise_corrected,dynamic_attack_negative,
12908,1,0,label_noise_corrected,dynamic_attack_negative,
12910,1,0,label_noise_corrected,dynamic_attack_negative,
12912,1,0,label_noise_corrected,dynamic_attack_negative,
12918,1,0,label_noise_corrected,dynamic_attack_negative,
12919,1,0,label_noise_corrected,dynamic_attack_negative,
12930,1,0,label_noise_corrected,dynamic_attack_negative,
130235,0,1,cross_corpus_conflict_resolved,dynamic_confirmed,primevul:3125
13045,1,0,label_noise_corrected,dynamic_attack_negative,
13046,1,0,label_noise_corrected,dynamic_attack_negative,
13074,1,0,label_noise_corrected,dynamic_attack_negative,
13089,1,0,label_noise_corrected,dynamic_attack_negative,
13091,1,0,label_noise_corrected,dynamic_attack_negative,
13093,1,0,label_noise_corrected,dynamic_attack_negative,
13145,1,0,label_noise_corrected,dynamic_attack_negative,
13151,1,0,label_noise_corrected,dynamic_attack_negative,
13155,1,0,label_noise_corrected,dynamic_attack_negative,
13157,1,0,label_noise_corrected,dynamic_attack_negative,
13158,1,0,label_noise_corrected,dynamic_attack_negative,
13215,1,0,label_noise_corrected,dynamic_attack_negative,
13219,1,0,label_noise_corrected,dynamic_attack_negative,
13224,1,0,label_noise_corrected,dynamic_attack_negative,
13231,1,0,label_noise_corrected,dynamic_attack_negative,
13232,1,0,label_noise_corrected,dynamic_attack_negative,
13233,1,0,label_noise_corrected,dynamic_attack_negative,
13234,1,0,label_noise_corrected,dynamic_attack_negative,
13238,1,0,label_noise_corrected,dynamic_attack_negative,
13242,1,0,label_noise_corrected,dynamic_attack_negative,
1331,1,0,label_noise_corrected,dynamic_attack_negative,
1332,1,0,label_noise_corrected,dynamic_attack_negative,
13343,1,0,label_noise_corrected,dynamic_attack_negative,
13346,1,0,label_noise_corrected,dynamic_attack_negative,
13347,1,0,label_noise_corrected,dynamic_attack_negative,
13348,1,0,label_noise_corrected,dynamic_attack_negative,
13349,1,0,label_noise_corrected,dynamic_attack_negative,
13350,1,0,label_noise_corrected,dynamic_attack_negative,
13352,1,0,label_noise_corrected,dynamic_attack_negative,
13375,1,0,label_noise_corrected,dynamic_attack_negative,
13428,1,0,label_noise_corrected,dynamic_attack_negative,
13429,1,0,label_noise_corrected,dynamic_attack_negative,
1343,1,0,label_noise_corrected,dynamic_attack_negative,
13430,1,0,label_noise_corrected,dynamic_attack_negative,
13431,1,0,label_noise_corrected,dynamic_attack_negative,
13432,1,0,label_noise_corrected,dynamic_attack_negative,
13433,1,0,label_noise_corrected,dynamic_attack_negative,
13434,1,0,label_noise_corrected,dynamic_attack_negative,
13435,1,0,label_noise_corrected,dynamic_attack_negative,
13436,1,0,label_noise_corrected,dynamic_attack_negative,
13437,1,0,label_noise_corrected,dynamic_attack_negative,
13438,1,0,label_noise_corrected,dynamic_attack_negative,
13439,1,0,label_noise_corrected,dynamic_attack_negative,
1344,1,0,label_noise_corrected,dynamic_attack_negative,
13440,1,0,label_noise_corrected,dynamic_attack_negative,
13441,1,0,label_noise_corrected,dynamic_attack_negative,
13443,1,0,label_noise_corrected,dynamic_attack_negative,
13444,1,0,label_noise_corrected,dynamic_attack_negative,
13445,1,0,label_noise_corrected,dynamic_attack_negative,
13446,1,0,label_noise_corrected,dynamic_attack_negative,
13447,1,0,label_noise_corrected,dynamic_attack_negative,
13448,1,0,label_noise_corrected,dynamic_attack_negative,
13449,1,0,label_noise_corrected,dynamic_attack_negative,
13450,1,0,label_noise_corrected,dynamic_attack_negative,
13451,1,0,label_noise_corrected,dynamic_attack_negative,
13452,1,0,label_noise_corrected,dynamic_attack_negative,
13476,1,0,label_noise_corrected,dynamic_attack_negative,
13511,1,0,label_noise_corrected,dynamic_attack_negative,
13532,1,0,label_noise_corrected,dynamic_attack_negative,
13533,1,0,label_noise_corrected,dynamic_attack_negative,
13535,1,0,label_noise_corrected,dynamic_attack_negative,
13537,1,0,label_noise_corrected,dynamic_attack_negative,
13539,1,0,label_noise_corrected,dynamic_attack_negative,
13540,1,0,label_noise_corrected,dynamic_attack_negative,
13581,1,0,label_noise_corrected,dynamic_attack_negative,
13585,1,0,label_noise_corrected,dynamic_attack_negative,
13671,1,0,label_noise_corrected,dynamic_attack_negative,
13673,1,0,label_noise_corrected,dynamic_attack_negative,
1369,1,0,label_noise_corrected,dynamic_attack_negative,
13706,1,0,label_noise_corrected,dynamic_attack_negative,
13713,1,0,label_noise_corrected,dynamic_attack_negative,
13716,1,0,label_noise_corrected,dynamic_attack_negative,
13733,1,0,label_noise_corrected,dynamic_attack_negative,
13752,1,0,label_noise_corrected,dynamic_attack_negative,
13753,1,0,label_noise_corrected,dynamic_attack_negative,
13754,1,0,label_noise_corrected,dynamic_attack_negative,
13763,1,0,label_noise_corrected,dynamic_attack_negative,
13768,1,0,label_noise_corrected,dynamic_attack_negative,
13769,1,0,label_noise_corrected,dynamic_attack_negative,
13783,1,0,label_noise_corrected,dynamic_attack_negative,
13786,1,0,label_noise_corrected,dynamic_attack_negative,
13788,1,0,label_noise_corrected,dynamic_attack_negative,
13790,1,0,label_noise_corrected,dynamic_attack_negative,
13791,1,0,label_noise_corrected,dynamic_attack_negative,
13801,1,0,label_noise_corrected,dynamic_attack_negative,
13803,1,0,label_noise_corrected,dynamic_attack_negative,
13823,1,0,label_noise_corrected,dynamic_attack_negative,
13853,1,0,label_noise_corrected,dynamic_attack_negative,
13857,1,0,label_noise_corrected,dynamic_attack_negative,
13862,1,0,label_noise_corrected,dynamic_attack_negative,
138955,0,1,cross_corpus_conflict_resolved,dynamic_confirmed,diversevul:13417_9792cbc6d336
138956,0,1,cross_corpus_conflict_resolved,dynamic_confirmed,diversevul:13418_e82096950981
13932,1,0,label_noise_corrected,dynamic_attack_negative,
13934,1,0,label_noise_corrected,dynamic_attack_negative,
13938,1,0,label_noise_corrected,dynamic_attack_negative,
13941,1,0,label_noise_corrected,dynamic_attack_negative,
13942,1,0,label_noise_corrected,dynamic_attack_negative,
13943,1,0,label_noise_corrected,dynamic_attack_negative,
13945,1,0,label_noise_corrected,dynamic_attack_negative,
13946,1,0,label_noise_corrected,dynamic_attack_negative,
13947,1,0,label_noise_corrected,dynamic_attack_negative,
13949,1,0,label_noise_corrected,dynamic_attack_negative,
13950,1,0,label_noise_corrected,dynamic_attack_negative,
13951,1,0,label_noise_corrected,dynamic_attack_negative,
13978,1,0,label_noise_corrected,dynamic_attack_negative,
139837,0,1,cross_corpus_conflict_resolved,dynamic_confirmed,diversevul:10094_fa6546f42b5b
14031,1,0,label_noise_corrected,dynamic_attack_negative,
1406,1,0,label_noise_corrected,dynamic_attack_negative,
14063,1,0,label_noise_corrected,dynamic_attack_negative,
14064,1,0,label_noise_corrected,dynamic_attack_negative,
14066,1,0,label_noise_corrected,dynamic_attack_negative,
14074,1,0,label_noise_corrected,dynamic_attack_negative,
14076,1,0,label_noise_corrected,dynamic_attack_negative,
1411,1,0,label_noise_corrected,dynamic_attack_negative,
14160,1,0,label_noise_corrected,dynamic_attack_negative,
14161,1,0,label_noise_corrected,dynamic_attack_negative,
14162,1,0,label_noise_corrected,dynamic_attack_negative,
14163,1,0,label_noise_corrected,dynamic_attack_negative,
14164,1,0,label_noise_corrected,dynamic_attack_negative,
14165,1,0,label_noise_corrected,dynamic_attack_negative,
14166,1,0,label_noise_corrected,dynamic_attack_negative,
14167,1,0,label_noise_corrected,dynamic_attack_negative,
14168,1,0,label_noise_corrected,dynamic_attack_negative,
14169,1,0,label_noise_corrected,dynamic_attack_negative,
14170,1,0,label_noise_corrected,dynamic_attack_negative,
14171,1,0,label_noise_corrected,dynamic_attack_negative,
14172,1,0,label_noise_corrected,dynamic_attack_negative,
14173,1,0,label_noise_corrected,dynamic_attack_negative,
14174,1,0,label_noise_corrected,dynamic_attack_negative,
14175,1,0,label_noise_corrected,dynamic_attack_negative,
14176,1,0,label_noise_corrected,dynamic_attack_negative,
14177,1,0,label_noise_corrected,dynamic_attack_negative,
14178,1,0,label_noise_corrected,dynamic_attack_negative,
14179,1,0,label_noise_corrected,dynamic_attack_negative,
14180,1,0,label_noise_corrected,dynamic_attack_negative,
14181,1,0,label_noise_corrected,dynamic_attack_negative,
14182,1,0,label_noise_corrected,dynamic_attack_negative,
14183,1,0,label_noise_corrected,dynamic_attack_negative,
14184,1,0,label_noise_corrected,dynamic_attack_negative,
14185,1,0,label_noise_corrected,dynamic_attack_negative,
14186,1,0,label_noise_corrected,dynamic_attack_negative,
14187,1,0,label_noise_corrected,dynamic_attack_negative,
14188,1,0,label_noise_corrected,dynamic_attack_negative,
14190,1,0,label_noise_corrected,dynamic_attack_negative,
14191,1,0,label_noise_corrected,dynamic_attack_negative,
14192,1,0,label_noise_corrected,dynamic_attack_negative,
14193,1,0,label_noise_corrected,dynamic_attack_negative,
14194,1,0,label_noise_corrected,dynamic_attack_negative,
14195,1,0,label_noise_corrected,dynamic_attack_negative,
14196,1,0,label_noise_corrected,dynamic_attack_negative,
14197,1,0,label_noise_corrected,dynamic_attack_negative,
14198,1,0,label_noise_corrected,dynamic_attack_negative,
14199,1,0,label_noise_corrected,dynamic_attack_negative,
14200,1,0,label_noise_corrected,dynamic_attack_negative,
14201,1,0,label_noise_corrected,dynamic_attack_negative,
14202,1,0,label_noise_corrected,dynamic_attack_negative,
14203,1,0,label_noise_corrected,dynamic_attack_negative,
14204,1,0,label_noise_corrected,dynamic_attack_negative,
14205,1,0,label_noise_corrected,dynamic_attack_negative,
14206,1,0,label_noise_corrected,dynamic_attack_negative,
14207,1,0,label_noise_corrected,dynamic_attack_negative,
14208,1,0,label_noise_corrected,dynamic_attack_negative,
14209,1,0,label_noise_corrected,dynamic_attack_negative,
14210,1,0,label_noise_corrected,dynamic_attack_negative,
14211,1,0,label_noise_corrected,dynamic_attack_negative,
14212,1,0,label_noise_corrected,dynamic_attack_negative,
14213,1,0,label_noise_corrected,dynamic_attack_negative,
14214,1,0,label_noise_corrected,dynamic_attack_negative,
14215,1,0,label_noise_corrected,dynamic_attack_negative,
14216,1,0,label_noise_corrected,dynamic_attack_negative,
14217,1,0,label_noise_corrected,dynamic_attack_negative,
14218,1,0,label_noise_corrected,dynamic_attack_negative,
14219,1,0,label_noise_corrected,dynamic_attack_negative,
1422,1,0,label_noise_corrected,dynamic_attack_negative,
14220,1,0,label_noise_corrected,dynamic_attack_negative,
14221,1,0,label_noise_corrected,dynamic_attack_negative,
14222,1,0,label_noise_corrected,dynamic_attack_negative,
14223,1,0,label_noise_corrected,dynamic_attack_negative,
1423,1,0,label_noise_corrected,dynamic_attack_negative,
14243,1,0,label_noise_corrected,dynamic_attack_negative,
14244,1,0,label_noise_corrected,dynamic_attack_negative,
14245,1,0,label_noise_corrected,dynamic_attack_negative,
14247,1,0,label_noise_corrected,dynamic_attack_negative,
1425,1,0,label_noise_corrected,dynamic_attack_negative,
14253,1,0,label_noise_corrected,dynamic_attack_negative,
14254,1,0,label_noise_corrected,dynamic_attack_negative,
14255,1,0,label_noise_corrected,dynamic_attack_negative,
1429,1,0,label_noise_corrected,dynamic_attack_negative,
1430,1,0,label_noise_corrected,dynamic_attack_negative,
14333,1,0,label_noise_corrected,dynamic_attack_negative,
14334,1,0,label_noise_corrected,dynamic_attack_negative,
14335,1,0,label_noise_corrected,dynamic_attack_negative,
14336,1,0,label_noise_corrected,dynamic_attack_negative,
14337,1,0,label_noise_corrected,dynamic_attack_negative,
14338,1,0,label_noise_corrected,dynamic_attack_negative,
14339,1,0,label_noise_corrected,dynamic_attack_negative,
14340,1,0,label_noise_corrected,dynamic_attack_negative,
14341,1,0,label_noise_corrected,dynamic_attack_negative,
14342,1,0,label_noise_corrected,dynamic_attack_negative,
14343,1,0,label_noise_corrected,dynamic_attack_negative,
14344,1,0,label_noise_corrected,dynamic_attack_negative,
14345,1,0,label_noise_corrected,dynamic_attack_negative,
14346,1,0,label_noise_corrected,dynamic_attack_negative,
14347,1,0,label_noise_corrected,dynamic_attack_negative,
14348,1,0,label_noise_corrected,dynamic_attack_negative,
14349,1,0,label_noise_corrected,dynamic_attack_negative,
14350,1,0,label_noise_corrected,dynamic_attack_negative,
14351,1,0,label_noise_corrected,dynamic_attack_negative,
14352,1,0,label_noise_corrected,dynamic_attack_negative,
14353,1,0,label_noise_corrected,dynamic_attack_negative,
14354,1,0,label_noise_corrected,dynamic_attack_negative,
14355,1,0,label_noise_corrected,dynamic_attack_negative,
14356,1,0,label_noise_corrected,dynamic_attack_negative,
14357,1,0,label_noise_corrected,dynamic_attack_negative,
14358,1,0,label_noise_corrected,dynamic_attack_negative,
14359,1,0,label_noise_corrected,dynamic_attack_negative,
14360,1,0,label_noise_corrected,dynamic_attack_negative,
14361,1,0,label_noise_corrected,dynamic_attack_negative,
14362,1,0,label_noise_corrected,dynamic_attack_negative,
14363,1,0,label_noise_corrected,dynamic_attack_negative,
14364,1,0,label_noise_corrected,dynamic_attack_negative,
14365,1,0,label_noise_corrected,dynamic_attack_negative,
14366,1,0,label_noise_corrected,dynamic_attack_negative,
14367,1,0,label_noise_corrected,dynamic_attack_negative,
14368,1,0,label_noise_corrected,dynamic_attack_negative,
14369,1,0,label_noise_corrected,dynamic_attack_negative,
14370,1,0,label_noise_corrected,dynamic_attack_negative,
145,1,0,label_noise_corrected,dynamic_attack_negative,
14524,1,0,label_noise_corrected,dynamic_attack_negative,
14525,1,0,label_noise_corrected,dynamic_attack_negative,
1457,1,0,label_noise_corrected,dynamic_attack_negative,
14575,1,0,label_noise_corrected,dynamic_attack_negative,
14580,1,0,label_noise_corrected,dynamic_attack_negative,
14588,1,0,label_noise_corrected,dynamic_attack_negative,
14589,1,0,label_noise_corrected,dynamic_attack_negative,
146,1,0,label_noise_corrected,dynamic_attack_negative,
14664,1,0,label_noise_corrected,dynamic_attack_negative,
146896,0,1,cross_corpus_conflict_resolved,dynamic_confirmed,diversevul:9642_ec5ca0212406
14760,1,0,label_noise_corrected,dynamic_attack_negative,
14764,1,0,label_noise_corrected,dynamic_attack_negative,
14766,1,0,label_noise_corrected,dynamic_attack_negative,
14788,1,0,label_noise_corrected,dynamic_attack_negative,
1481,1,0,label_noise_corrected,dynamic_attack_negative,
14873,1,0,label_noise_corrected,dynamic_attack_negative,
14880,1,0,label_noise_corrected,dynamic_attack_negative,
149,1,0,label_noise_corrected,dynamic_attack_negative,
14912,1,0,label_noise_corrected,dynamic_attack_negative,
15141,1,0,label_noise_corrected,dynamic_attack_negative,
15142,1,0,label_noise_corrected,dynamic_attack_negative,
15147,1,0,label_noise_corrected,dynamic_attack_negative,
1520,1,0,label_noise_corrected,dynamic_attack_negative,
1521,1,0,label_noise_corrected,dynamic_attack_negative,
1522,1,0,label_noise_corrected,dynamic_attack_negative,
152214,0,1,cross_corpus_conflict_resolved,dynamic_confirmed,bigvul:182146
1523,1,0,label_noise_corrected,dynamic_attack_negative,
15234,1,0,label_noise_corrected,dynamic_attack_negative,
1524,1,0,label_noise_corrected,dynamic_attack_negative,
15244,1,0,label_noise_corrected,dynamic_attack_negative,
15277,1,0,label_noise_corrected,dynamic_attack_negative,
15279,1,0,label_noise_corrected,dynamic_attack_negative,
15280,1,0,label_noise_corrected,dynamic_attack_negative,
15282,1,0,label_noise_corrected,dynamic_attack_negative,
1534,1,0,label_noise_corrected,dynamic_attack_negative,
15356,1,0,label_noise_corrected,dynamic_attack_negative,
15358,1,0,label_noise_corrected,dynamic_attack_negative,
15359,1,0,label_noise_corrected,dynamic_attack_negative,
15364,1,0,label_noise_corrected,dynamic_attack_negative,
15370,1,0,label_noise_corrected,dynamic_attack_negative,
15438,1,0,label_noise_corrected,dynamic_attack_negative,
15444,1,0,label_noise_corrected,dynamic_attack_negative,
15450,1,0,label_noise_corrected,dynamic_attack_negative,
15453,1,0,label_noise_corrected,dynamic_attack_negative,
155,1,0,label_noise_corrected,dynamic_attack_negative,
15557,1,0,label_noise_corrected,dynamic_attack_negative,
15561,1,0,label_noise_corrected,dynamic_attack_negative,
15563,1,0,label_noise_corrected,dynamic_attack_negative,
15567,1,0,label_noise_corrected,dynamic_attack_negative,
15576,1,0,label_noise_corrected,dynamic_attack_negative,
15592,1,0,label_noise_corrected,dynamic_attack_negative,
156,1,0,label_noise_corrected,dynamic_attack_negative,
15635,1,0,label_noise_corrected,dynamic_attack_negative,
15636,1,0,label_noise_corrected,dynamic_attack_negative,
15637,1,0,label_noise_corrected,dynamic_attack_negative,
15638,1,0,label_noise_corrected,dynamic_attack_negative,
15639,1,0,label_noise_corrected,dynamic_attack_negative,
15641,1,0,label_noise_corrected,dynamic_attack_negative,
15642,1,0,label_noise_corrected,dynamic_attack_negative,
15644,1,0,label_noise_corrected,dynamic_attack_negative,
157,1,0,label_noise_corrected,dynamic_attack_negative,
15719,1,0,label_noise_corrected,dynamic_attack_negative,
15722,1,0,label_noise_corrected,dynamic_attack_negative,
15725,1,0,label_noise_corrected,dynamic_attack_negative,
15744,1,0,label_noise_corrected,dynamic_attack_negative,
15745,1,0,label_noise_corrected,dynamic_attack_negative,
1575,1,0,label_noise_corrected,dynamic_attack_negative,
1576,1,0,label_noise_corrected,dynamic_attack_negative,
15780,1,0,label_noise_corrected,dynamic_attack_negative,
158,1,0,label_noise_corrected,dynamic_attack_negative,
15909,1,0,label_noise_corrected,dynamic_attack_negative,
15910,1,0,label_noise_corrected,dynamic_attack_negative,
15922,1,0,label_noise_corrected,dynamic_attack_negative,
15940,1,0,label_noise_corrected,dynamic_attack_negative,
160103,0,1,cross_corpus_conflict_resolved,dynamic_confirmed,diversevul:14248_fd59bb93728a
160114,0,1,cross_corpus_conflict_resolved,dynamic_confirmed,bigvul:180974
160117,0,1,cross_corpus_conflict_resolved,dynamic_confirmed,bigvul:180966
160118,0,1,cross_corpus_conflict_resolved,dynamic_confirmed,diversevul:14256_7ad17e8986a8
160120,0,1,cross_corpus_conflict_resolved,dynamic_confirmed,bigvul:180972
160215,0,1,cross_corpus_conflict_resolved,dynamic_confirmed,bigvul:182990
1604,1,0,label_noise_corrected,dynamic_attack_negative,
1608,1,0,label_noise_corrected,dynamic_attack_negative,
1609,1,0,label_noise_corrected,dynamic_attack_negative,
1612,1,0,label_noise_corrected,dynamic_attack_negative,
16124,1,0,label_noise_corrected,dynamic_attack_negative,
1615,1,0,label_noise_corrected,dynamic_attack_negative,
16155,1,0,label_noise_corrected,dynamic_attack_negative,
1616,1,0,label_noise_corrected,dynamic_attack_negative,
1617,1,0,label_noise_corrected,dynamic_attack_negative,
16186,1,0,label_noise_corrected,dynamic_attack_negative,
16187,1,0,label_noise_corrected,dynamic_attack_negative,
16188,1,0,label_noise_corrected,dynamic_attack_negative,
16189,1,0,label_noise_corrected,dynamic_attack_negative,
16190,1,0,label_noise_corrected,dynamic_attack_negative,
16191,1,0,label_noise_corrected,dynamic_attack_negative,
16192,1,0,label_noise_corrected,dynamic_attack_negative,
16193,1,0,label_noise_corrected,dynamic_attack_negative,
16194,1,0,label_noise_corrected,dynamic_attack_negative,
16195,1,0,label_noise_corrected,dynamic_attack_negative,
16196,1,0,label_noise_corrected,dynamic_attack_negative,
16197,1,0,label_noise_corrected,dynamic_attack_negative,
16198,1,0,label_noise_corrected,dynamic_attack_negative,
16199,1,0,label_noise_corrected,dynamic_attack_negative,
16200,1,0,label_noise_corrected,dynamic_attack_negative,
16201,1,0,label_noise_corrected,dynamic_attack_negative,
16202,1,0,label_noise_corrected,dynamic_attack_negative,
16203,1,0,label_noise_corrected,dynamic_attack_negative,
16204,1,0,label_noise_corrected,dynamic_attack_negative,
16205,1,0,label_noise_corrected,dynamic_attack_negative,
16206,1,0,label_noise_corrected,dynamic_attack_negative,
16208,1,0,label_noise_corrected,dynamic_attack_negative,
16209,1,0,label_noise_corrected,dynamic_attack_negative,
16210,1,0,label_noise_corrected,dynamic_attack_negative,
16212,1,0,label_noise_corrected,dynamic_attack_negative,
16213,1,0,label_noise_corrected,dynamic_attack_negative,
16214,1,0,label_noise_corrected,dynamic_attack_negative,
16215,1,0,label_noise_corrected,dynamic_attack_negative,
16216,1,0,label_noise_corrected,dynamic_attack_negative,
16217,1,0,label_noise_corrected,dynamic_attack_negative,
16218,1,0,label_noise_corrected,dynamic_attack_negative,
16219,1,0,label_noise_corrected,dynamic_attack_negative,
1622,1,0,label_noise_corrected,dynamic_attack_negative,
16220,1,0,label_noise_corrected,dynamic_attack_negative,
16221,1,0,label_noise_corrected,dynamic_attack_negative,
16222,1,0,label_noise_corrected,dynamic_attack_negative,
16223,1,0,label_noise_corrected,dynamic_attack_negative,
16224,1,0,label_noise_corrected,dynamic_attack_negative,
16225,1,0,label_noise_corrected,dynamic_attack_negative,
16226,1,0,label_noise_corrected,dynamic_attack_negative,
16227,1,0,label_noise_corrected,dynamic_attack_negative,
16228,1,0,label_noise_corrected,dynamic_attack_negative,
16229,1,0,label_noise_corrected,dynamic_attack_negative,
16230,1,0,label_noise_corrected,dynamic_attack_negative,
16231,1,0,label_noise_corrected,dynamic_attack_negative,
16232,1,0,label_noise_corrected,dynamic_attack_negative,
16233,1,0,label_noise_corrected,dynamic_attack_negative,
162391,0,1,cross_corpus_conflict_resolved,dynamic_confirmed,diversevul:8943_58e45cba71ed
1624,1,0,label_noise_corrected,dynamic_attack_negative,
16245,1,0,label_noise_corrected,dynamic_attack_negative,
16253,1,0,label_noise_corrected,dynamic_attack_negative,
16255,1,0,label_noise_corrected,dynamic_attack_negative,
1626,1,0,label_noise_corrected,dynamic_attack_negative,
1627,1,0,label_noise_corrected,dynamic_attack_negative,
1628,1,0,label_noise_corrected,dynamic_attack_negative,
163,1,0,label_noise_corrected,dynamic_attack_negative,
1630,1,0,label_noise_corrected,dynamic_attack_negative,
163072,0,1,cross_corpus_conflict_resolved,dynamic_confirmed,diversevul:9025_47e180e03c55
1631,1,0,label_noise_corrected,dynamic_attack_negative,
1634,1,0,label_noise_corrected,dynamic_attack_negative,
1635,1,0,label_noise_corrected,dynamic_attack_negative,
16372,1,0,label_noise_corrected,dynamic_attack_negative,
1638,1,0,label_noise_corrected,dynamic_attack_negative,
16380,1,0,label_noise_corrected,dynamic_attack_negative,
1639,1,0,label_noise_corrected,dynamic_attack_negative,
164,1,0,label_noise_corrected,dynamic_attack_negative,
1640,1,0,label_noise_corrected,dynamic_attack_negative,
16416,1,0,label_noise_corrected,dynamic_attack_negative,
1642,1,0,label_noise_corrected,dynamic_attack_negative,
1643,1,0,label_noise_corrected,dynamic_attack_negative,
1646,1,0,label_noise_corrected,dynamic_attack_negative,
16472,1,0,label_noise_corrected,dynamic_attack_negative,
16474,1,0,label_noise_corrected,dynamic_attack_negative,
16475,1,0,label_noise_corrected,dynamic_attack_negative,
16484,1,0,label_noise_corrected,dynamic_attack_negative,
1649,1,0,label_noise_corrected,dynamic_attack_negative,
165,1,0,label_noise_corrected,dynamic_attack_negative,
1651,1,0,label_noise_corrected,dynamic_attack_negative,
1652,1,0,label_noise_corrected,dynamic_attack_negative,
16531,1,0,label_noise_corrected,dynamic_attack_negative,
16533,1,0,label_noise_corrected,dynamic_attack_negative,
16534,1,0,label_noise_corrected,dynamic_attack_negative,
16535,1,0,label_noise_corrected,dynamic_attack_negative,
16536,1,0,label_noise_corrected,dynamic_attack_negative,
16537,1,0,label_noise_corrected,dynamic_attack_negative,
16538,1,0,label_noise_corrected,dynamic_attack_negative,
16539,1,0,label_noise_corrected,dynamic_attack_negative,
1654,1,0,label_noise_corrected,dynamic_attack_negative,
16540,1,0,label_noise_corrected,dynamic_attack_negative,
16541,1,0,label_noise_corrected,dynamic_attack_negative,
16542,1,0,label_noise_corrected,dynamic_attack_negative,
16543,1,0,label_noise_corrected,dynamic_attack_negative,
16544,1,0,label_noise_corrected,dynamic_attack_negative,
16545,1,0,label_noise_corrected,dynamic_attack_negative,
16546,1,0,label_noise_corrected,dynamic_attack_negative,
16547,1,0,label_noise_corrected,dynamic_attack_negative,
16548,1,0,label_noise_corrected,dynamic_attack_negative,
16549,1,0,label_noise_corrected,dynamic_attack_negative,
1655,1,0,label_noise_corrected,dynamic_attack_negative,
16550,1,0,label_noise_corrected,dynamic_attack_negative,
16551,1,0,label_noise_corrected,dynamic_attack_negative,
16552,1,0,label_noise_corrected,dynamic_attack_negative,
16553,1,0,label_noise_corrected,dynamic_attack_negative,
16554,1,0,label_noise_corrected,dynamic_attack_negative,
16556,1,0,label_noise_corrected,dynamic_attack_negative,
16557,1,0,label_noise_corrected,dynamic_attack_negative,
16558,1,0,label_noise_corrected,dynamic_attack_negative,
16559,1,0,label_noise_corrected,dynamic_attack_negative,
1656,1,0,label_noise_corrected,dynamic_attack_negative,
16560,1,0,label_noise_corrected,dynamic_attack_negative,
16561,1,0,label_noise_corrected,dynamic_attack_negative,
16562,1,0,label_noise_corrected,dynamic_attack_negative,
16563,1,0,label_noise_corrected,dynamic_attack_negative,
16564,1,0,label_noise_corrected,dynamic_attack_negative,
16565,1,0,label_noise_corrected,dynamic_attack_negative,
16566,1,0,label_noise_corrected,dynamic_attack_negative,
16567,1,0,label_noise_corrected,dynamic_attack_negative,
16568,1,0,label_noise_corrected,dynamic_attack_negative,
16569,1,0,label_noise_corrected,dynamic_attack_negative,
16570,1,0,label_noise_corrected,dynamic_attack_negative,
16571,1,0,label_noise_corrected,dynamic_attack_negative,
16572,1,0,label_noise_corrected,dynamic_attack_negative,
16573,1,0,label_noise_corrected,dynamic_attack_negative,
16574,1,0,label_noise_corrected,dynamic_attack_negative,
16575,1,0,label_noise_corrected,dynamic_attack_negative,
16576,1,0,label_noise_corrected,dynamic_attack_negative,
16577,1,0,label_noise_corrected,dynamic_attack_negative,
16578,1,0,label_noise_corrected,dynamic_attack_negative,
16579,1,0,label_noise_corrected,dynamic_attack_negative,
16580,1,0,label_noise_corrected,dynamic_attack_negative,
16581,1,0,label_noise_corrected,dynamic_attack_negative,
16582,1,0,label_noise_corrected,dynamic_attack_negative,
16583,1,0,label_noise_corrected,dynamic_attack_negative,
16584,1,0,label_noise_corrected,dynamic_attack_negative,
16585,1,0,label_noise_corrected,dynamic_attack_negative,
16586,1,0,label_noise_corrected,dynamic_attack_negative,
16587,1,0,label_noise_corrected,dynamic_attack_negative,
16588,1,0,label_noise_corrected,dynamic_attack_negative,
16589,1,0,label_noise_corrected,dynamic_attack_negative,
16590,1,0,label_noise_corrected,dynamic_attack_negative,
16591,1,0,label_noise_corrected,dynamic_attack_negative,
16592,1,0,label_noise_corrected,dynamic_attack_negative,
16593,1,0,label_noise_corrected,dynamic_attack_negative,
16594,1,0,label_noise_corrected,dynamic_attack_negative,
16595,1,0,label_noise_corrected,dynamic_attack_negative,
16596,1,0,label_noise_corrected,dynamic_attack_negative,
16597,1,0,label_noise_corrected,dynamic_attack_negative,
16598,1,0,label_noise_corrected,dynamic_attack_negative,
16599,1,0,label_noise_corrected,dynamic_attack_negative,
166,1,0,label_noise_corrected,dynamic_attack_negative,
16600,1,0,label_noise_corrected,dynamic_attack_negative,
16601,1,0,label_noise_corrected,dynamic_attack_negative,
16602,1,0,label_noise_corrected,dynamic_attack_negative,
16603,1,0,label_noise_corrected,dynamic_attack_negative,
16604,1,0,label_noise_corrected,dynamic_attack_negative,
16605,1,0,label_noise_corrected,dynamic_attack_negative,
16606,1,0,label_noise_corrected,dynamic_attack_negative,
16607,1,0,label_noise_corrected,dynamic_attack_negative,
16609,1,0,label_noise_corrected,dynamic_attack_negative,
16610,1,0,label_noise_corrected,dynamic_attack_negative,
16611,1,0,label_noise_corrected,dynamic_attack_negative,
16612,1,0,label_noise_corrected,dynamic_attack_negative,
16613,1,0,label_noise_corrected,dynamic_attack_negative,
16614,1,0,label_noise_corrected,dynamic_attack_negative,
16615,1,0,label_noise_corrected,dynamic_attack_negative,
16616,1,0,label_noise_corrected,dynamic_attack_negative,
16617,1,0,label_noise_corrected,dynamic_attack_negative,
16618,1,0,label_noise_corrected,dynamic_attack_negative,
16619,1,0,label_noise_corrected,dynamic_attack_negative,
16620,1,0,label_noise_corrected,dynamic_attack_negative,
16621,1,0,label_noise_corrected,dynamic_attack_negative,
16622,1,0,label_noise_corrected,dynamic_attack_negative,
16623,1,0,label_noise_corrected,dynamic_attack_negative,
16624,1,0,label_noise_corrected,dynamic_attack_negative,
16625,1,0,label_noise_corrected,dynamic_attack_negative,
16626,1,0,label_noise_corrected,dynamic_attack_negative,
16627,1,0,label_noise_corrected,dynamic_attack_negative,
16628,1,0,label_noise_corrected,dynamic_attack_negative,
16629,1,0,label_noise_corrected,dynamic_attack_negative,
16630,1,0,label_noise_corrected,dynamic_attack_negative,
16631,1,0,label_noise_corrected,dynamic_attack_negative,
16632,1,0,label_noise_corrected,dynamic_attack_negative,
16633,1,0,label_noise_corrected,dynamic_attack_negative,
16634,1,0,label_noise_corrected,dynamic_attack_negative,
16635,1,0,label_noise_corrected,dynamic_attack_negative,
16636,1,0,label_noise_corrected,dynamic_attack_negative,
16637,1,0,label_noise_corrected,dynamic_attack_negative,
16638,1,0,label_noise_corrected,dynamic_attack_negative,
16639,1,0,label_noise_corrected,dynamic_attack_negative,
16640,1,0,label_noise_corrected,dynamic_attack_negative,
16641,1,0,label_noise_corrected,dynamic_attack_negative,
16642,1,0,label_noise_corrected,dynamic_attack_negative,
16644,1,0,label_noise_corrected,dynamic_attack_negative,
16645,1,0,label_noise_corrected,dynamic_attack_negative,
16646,1,0,label_noise_corrected,dynamic_attack_negative,
16647,1,0,label_noise_corrected,dynamic_attack_negative,
16648,1,0,label_noise_corrected,dynamic_attack_negative,
16649,1,0,label_noise_corrected,dynamic_attack_negative,
16650,1,0,label_noise_corrected,dynamic_attack_negative,
16651,1,0,label_noise_corrected,dynamic_attack_negative,
16652,1,0,label_noise_corrected,dynamic_attack_negative,
16653,1,0,label_noise_corrected,dynamic_attack_negative,
166530,0,1,cross_corpus_conflict_resolved,dynamic_confirmed,bigvul:181280
16655,1,0,label_noise_corrected,dynamic_attack_negative,
16656,1,0,label_noise_corrected,dynamic_attack_negative,
16657,1,0,label_noise_corrected,dynamic_attack_negative,
16658,1,0,label_noise_corrected,dynamic_attack_negative,
16659,1,0,label_noise_corrected,dynamic_attack_negative,
16660,1,0,label_noise_corrected,dynamic_attack_negative,
16661,1,0,label_noise_corrected,dynamic_attack_negative,
16662,1,0,label_noise_corrected,dynamic_attack_negative,
16663,1,0,label_noise_corrected,dynamic_attack_negative,
16664,1,0,label_noise_corrected,dynamic_attack_negative,
16665,1,0,label_noise_corrected,dynamic_attack_negative,
16666,1,0,label_noise_corrected,dynamic_attack_negative,
16667,1,0,label_noise_corrected,dynamic_attack_negative,
16669,1,0,label_noise_corrected,dynamic_attack_negative,
16670,1,0,label_noise_corrected,dynamic_attack_negative,
16671,1,0,label_noise_corrected,dynamic_attack_negative,
16672,1,0,label_noise_corrected,dynamic_attack_negative,
16673,1,0,label_noise_corrected,dynamic_attack_negative,
16674,1,0,label_noise_corrected,dynamic_attack_negative,
16675,1,0,label_noise_corrected,dynamic_attack_negative,
16676,1,0,label_noise_corrected,dynamic_attack_negative,
16677,1,0,label_noise_corrected,dynamic_attack_negative,
16679,1,0,label_noise_corrected,dynamic_attack_negative,
16680,1,0,label_noise_corrected,dynamic_attack_negative,
16681,1,0,label_noise_corrected,dynamic_attack_negative,
16682,1,0,label_noise_corrected,dynamic_attack_negative,
16683,1,0,label_noise_corrected,dynamic_attack_negative,
16684,1,0,label_noise_corrected,dynamic_attack_negative,
16685,1,0,label_noise_corrected,dynamic_attack_negative,
16687,1,0,label_noise_corrected,dynamic_attack_negative,
16688,1,0,label_noise_corrected,dynamic_attack_negative,
16690,1,0,label_noise_corrected,dynamic_attack_negative,
16691,1,0,label_noise_corrected,dynamic_attack_negative,
16692,1,0,label_noise_corrected,dynamic_attack_negative,
16693,1,0,label_noise_corrected,dynamic_attack_negative,
16694,1,0,label_noise_corrected,dynamic_attack_negative,
16695,1,0,label_noise_corrected,dynamic_attack_negative,
16696,1,0,label_noise_corrected,dynamic_attack_negative,
16697,1,0,label_noise_corrected,dynamic_attack_negative,
16698,1,0,label_noise_corrected,dynamic_attack_negative,
16699,1,0,label_noise_corrected,dynamic_attack_negative,
167,1,0,label_noise_corrected,dynamic_attack_negative,
16700,1,0,label_noise_corrected,dynamic_attack_negative,
16701,1,0,label_noise_corrected,dynamic_attack_negative,
16702,1,0,label_noise_corrected,dynamic_attack_negative,
16703,1,0,label_noise_corrected,dynamic_attack_negative,
16704,1,0,label_noise_corrected,dynamic_attack_negative,
16705,1,0,label_noise_corrected,dynamic_attack_negative,
16706,1,0,label_noise_corrected,dynamic_attack_negative,
16707,1,0,label_noise_corrected,dynamic_attack_negative,
16708,1,0,label_noise_corrected,dynamic_attack_negative,
16709,1,0,label_noise_corrected,dynamic_attack_negative,
16710,1,0,label_noise_corrected,dynamic_attack_negative,
16711,1,0,label_noise_corrected,dynamic_attack_negative,
16712,1,0,label_noise_corrected,dynamic_attack_negative,
16713,1,0,label_noise_corrected,dynamic_attack_negative,
16714,1,0,label_noise_corrected,dynamic_attack_negative,
16716,1,0,label_noise_corrected,dynamic_attack_negative,
16717,1,0,label_noise_corrected,dynamic_attack_negative,
16718,1,0,label_noise_corrected,dynamic_attack_negative,
16719,1,0,label_noise_corrected,dynamic_attack_negative,
1672,1,0,label_noise_corrected,dynamic_attack_negative,
16720,1,0,label_noise_corrected,dynamic_attack_negative,
16721,1,0,label_noise_corrected,dynamic_attack_negative,
16722,1,0,label_noise_corrected,dynamic_attack_negative,
16723,1,0,label_noise_corrected,dynamic_attack_negative,
16724,1,0,label_noise_corrected,dynamic_attack_negative,
16725,1,0,label_noise_corrected,dynamic_attack_negative,
16726,1,0,label_noise_corrected,dynamic_attack_negative,
16729,1,0,label_noise_corrected,dynamic_attack_negative,
16730,1,0,label_noise_corrected,dynamic_attack_negative,
16731,1,0,label_noise_corrected,dynamic_attack_negative,
16732,1,0,label_noise_corrected,dynamic_attack_negative,
16734,1,0,label_noise_corrected,dynamic_attack_negative,
16735,1,0,label_noise_corrected,dynamic_attack_negative,
16736,1,0,label_noise_corrected,dynamic_attack_negative,
16738,1,0,label_noise_corrected,dynamic_attack_negative,
16739,1,0,label_noise_corrected,dynamic_attack_negative,
1674,1,0,label_noise_corrected,dynamic_attack_negative,
16740,1,0,label_noise_corrected,dynamic_attack_negative,
16742,1,0,label_noise_corrected,dynamic_attack_negative,
16743,1,0,label_noise_corrected,dynamic_attack_negative,
16745,1,0,label_noise_corrected,dynamic_attack_negative,
16746,1,0,label_noise_corrected,dynamic_attack_negative,
16747,1,0,label_noise_corrected,dynamic_attack_negative,
16749,1,0,label_noise_corrected,dynamic_attack_negative,
16751,1,0,label_noise_corrected,dynamic_attack_negative,
16752,1,0,label_noise_corrected,dynamic_attack_negative,
16753,1,0,label_noise_corrected,dynamic_attack_negative,
16754,1,0,label_noise_corrected,dynamic_attack_negative,
16755,1,0,label_noise_corrected,dynamic_attack_negative,
16756,1,0,label_noise_corrected,dynamic_attack_negative,
16757,1,0,label_noise_corrected,dynamic_attack_negative,
16758,1,0,label_noise_corrected,dynamic_attack_negative,
16759,1,0,label_noise_corrected,dynamic_attack_negative,
16760,1,0,label_noise_corrected,dynamic_attack_negative,
16761,1,0,label_noise_corrected,dynamic_attack_negative,
16762,1,0,label_noise_corrected,dynamic_attack_negative,
16763,1,0,label_noise_corrected,dynamic_attack_negative,
16765,1,0,label_noise_corrected,dynamic_attack_negative,
16766,1,0,label_noise_corrected,dynamic_attack_negative,
16767,1,0,label_noise_corrected,dynamic_attack_negative,
16768,1,0,label_noise_corrected,dynamic_attack_negative,
16769,1,0,label_noise_corrected,dynamic_attack_negative,
16770,1,0,label_noise_corrected,dynamic_attack_negative,
16772,1,0,label_noise_corrected,dynamic_attack_negative,
16773,1,0,label_noise_corrected,dynamic_attack_negative,
16774,1,0,label_noise_corrected,dynamic_attack_negative,
16775,1,0,label_noise_corrected,dynamic_attack_negative,
16782,1,0,label_noise_corrected,dynamic_attack_negative,
16801,1,0,label_noise_corrected,dynamic_attack_negative,
1681,1,0,label_noise_corrected,dynamic_attack_negative,
1683,1,0,label_noise_corrected,dynamic_attack_negative,
1685,1,0,label_noise_corrected,dynamic_attack_negative,
16921,1,0,label_noise_corrected,dynamic_attack_negative,
16922,1,0,label_noise_corrected,dynamic_attack_negative,
16924,1,0,label_noise_corrected,dynamic_attack_negative,
16927,1,0,label_noise_corrected,dynamic_attack_negative,
16935,1,0,label_noise_corrected,dynamic_attack_negative,
16945,1,0,label_noise_corrected,dynamic_attack_negative,
16999,1,0,label_noise_corrected,dynamic_attack_negative,
17000,1,0,label_noise_corrected,dynamic_attack_negative,
17002,1,0,label_noise_corrected,dynamic_attack_negative,
17003,1,0,label_noise_corrected,dynamic_attack_negative,
17004,1,0,label_noise_corrected,dynamic_attack_negative,
17008,1,0,label_noise_corrected,dynamic_attack_negative,
17009,1,0,label_noise_corrected,dynamic_attack_negative,
17013,1,0,label_noise_corrected,dynamic_attack_negative,
17014,1,0,label_noise_corrected,dynamic_attack_negative,
17017,1,0,label_noise_corrected,dynamic_attack_negative,
17019,1,0,label_noise_corrected,dynamic_attack_negative,
17021,1,0,label_noise_corrected,dynamic_attack_negative,
17023,1,0,label_noise_corrected,dynamic_attack_negative,
17024,1,0,label_noise_corrected,dynamic_attack_negative,
17030,1,0,label_noise_corrected,dynamic_attack_negative,
17031,1,0,label_noise_corrected,dynamic_attack_negative,
17033,1,0,label_noise_corrected,dynamic_attack_negative,
17034,1,0,label_noise_corrected,dynamic_attack_negative,
17035,1,0,label_noise_corrected,dynamic_attack_negative,
17038,1,0,label_noise_corrected,dynamic_attack_negative,
17043,1,0,label_noise_corrected,dynamic_attack_negative,
17044,1,0,label_noise_corrected,dynamic_attack_negative,
17046,1,0,label_noise_corrected,dynamic_attack_negative,
17048,1,0,label_noise_corrected,dynamic_attack_negative,
17049,1,0,label_noise_corrected,dynamic_attack_negative,
17052,1,0,label_noise_corrected,dynamic_attack_negative,
17062,1,0,label_noise_corrected,dynamic_attack_negative,
17087,1,0,label_noise_corrected,dynamic_attack_negative,
17181,1,0,label_noise_corrected,dynamic_attack_negative,
17183,1,0,label_noise_corrected,dynamic_attack_negative,
17193,1,0,label_noise_corrected,dynamic_attack_negative,
17195,1,0,label_noise_corrected,dynamic_attack_negative,
17199,1,0,label_noise_corrected,dynamic_attack_negative,
1720,1,0,label_noise_corrected,dynamic_attack_negative,
17248,1,0,label_noise_corrected,dynamic_attack_negative,
17261,1,0,label_noise_corrected,dynamic_attack_negative,
1727,1,0,label_noise_corrected,dynamic_attack_negative,
17301,1,0,label_noise_corrected,dynamic_attack_negative,
1733,1,0,label_noise_corrected,dynamic_attack_negative,
17377,1,0,label_noise_corrected,dynamic_attack_negative,
17403,1,0,label_noise_corrected,dynamic_attack_negative,
17407,1,0,label_noise_corrected,dynamic_attack_negative,
17411,1,0,label_noise_corrected,dynamic_attack_negative,
17434,1,0,label_noise_corrected,dynamic_attack_negative,
17446,1,0,label_noise_corrected,dynamic_attack_negative,
17489,1,0,label_noise_corrected,dynamic_attack_negative,
17490,1,0,label_noise_corrected,dynamic_attack_negative,
17492,1,0,label_noise_corrected,dynamic_attack_negative,
17493,1,0,label_noise_corrected,dynamic_attack_negative,
17496,1,0,label_noise_corrected,dynamic_attack_negative,
175,1,0,label_noise_corrected,dynamic_attack_negative,
1751,1,0,label_noise_corrected,dynamic_attack_negative,
1752,1,0,label_noise_corrected,dynamic_attack_negative,
1754,1,0,label_noise_corrected,dynamic_attack_negative,
17558,1,0,label_noise_corrected,dynamic_attack_negative,
1758,1,0,label_noise_corrected,dynamic_attack_negative,
17581,1,0,label_noise_corrected,dynamic_attack_negative,
176,1,0,label_noise_corrected,dynamic_attack_negative,
1760,1,0,label_noise_corrected,dynamic_attack_negative,
17611,1,0,label_noise_corrected,dynamic_attack_negative,
17614,1,0,label_noise_corrected,dynamic_attack_negative,
17615,1,0,label_noise_corrected,dynamic_attack_negative,
17616,1,0,label_noise_corrected,dynamic_attack_negative,
17617,1,0,label_noise_corrected,dynamic_attack_negative,
17618,1,0,label_noise_corrected,dynamic_attack_negative,
17619,1,0,label_noise_corrected,dynamic_attack_negative,
17620,1,0,label_noise_corrected,dynamic_attack_negative,
17621,1,0,label_noise_corrected,dynamic_attack_negative,
17622,1,0,label_noise_corrected,dynamic_attack_negative,
17624,1,0,label_noise_corrected,dynamic_attack_negative,
17625,1,0,label_noise_corrected,dynamic_attack_negative,
17626,1,0,label_noise_corrected,dynamic_attack_negative,
17627,1,0,label_noise_corrected,dynamic_attack_negative,
17628,1,0,label_noise_corrected,dynamic_attack_negative,
17629,1,0,label_noise_corrected,dynamic_attack_negative,
17632,1,0,label_noise_corrected,dynamic_attack_negative,
17633,1,0,label_noise_corrected,dynamic_attack_negative,
17634,1,0,label_noise_corrected,dynamic_attack_negative,
17635,1,0,label_noise_corrected,dynamic_attack_negative,
17636,1,0,label_noise_corrected,dynamic_attack_negative,
17637,1,0,label_noise_corrected,dynamic_attack_negative,
17638,1,0,label_noise_corrected,dynamic_attack_negative,
17639,1,0,label_noise_corrected,dynamic_attack_negative,
17640,1,0,label_noise_corrected,dynamic_attack_negative,
17641,1,0,label_noise_corrected,dynamic_attack_negative,
17642,1,0,label_noise_corrected,dynamic_attack_negative,
17643,1,0,label_noise_corrected,dynamic_attack_negative,
17644,1,0,label_noise_corrected,dynamic_attack_negative,
17645,1,0,label_noise_corrected,dynamic_attack_negative,
17646,1,0,label_noise_corrected,dynamic_attack_negative,
17647,1,0,label_noise_corrected,dynamic_attack_negative,
17648,1,0,label_noise_corrected,dynamic_attack_negative,
17649,1,0,label_noise_corrected,dynamic_attack_negative,
17650,1,0,label_noise_corrected,dynamic_attack_negative,
17651,1,0,label_noise_corrected,dynamic_attack_negative,
17652,1,0,label_noise_corrected,dynamic_attack_negative,
17653,1,0,label_noise_corrected,dynamic_attack_negative,
17654,1,0,label_noise_corrected,dynamic_attack_negative,
17655,1,0,label_noise_corrected,dynamic_attack_negative,
17656,1,0,label_noise_corrected,dynamic_attack_negative,
17658,1,0,label_noise_corrected,dynamic_attack_negative,
17659,1,0,label_noise_corrected,dynamic_attack_negative,
17660,1,0,label_noise_corrected,dynamic_attack_negative,
17661,1,0,label_noise_corrected,dynamic_attack_negative,
17662,1,0,label_noise_corrected,dynamic_attack_negative,
17663,1,0,label_noise_corrected,dynamic_attack_negative,
17664,1,0,label_noise_corrected,dynamic_attack_negative,
17666,1,0,label_noise_corrected,dynamic_attack_negative,
17668,1,0,label_noise_corrected,dynamic_attack_negative,
17669,1,0,label_noise_corrected,dynamic_attack_negative,
17670,1,0,label_noise_corrected,dynamic_attack_negative,
17671,1,0,label_noise_corrected,dynamic_attack_negative,
17672,1,0,label_noise_corrected,dynamic_attack_negative,
17673,1,0,label_noise_corrected,dynamic_attack_negative,
17674,1,0,label_noise_corrected,dynamic_attack_negative,
17676,1,0,label_noise_corrected,dynamic_attack_negative,
17677,1,0,label_noise_corrected,dynamic_attack_negative,
17678,1,0,label_noise_corrected,dynamic_attack_negative,
17679,1,0,label_noise_corrected,dynamic_attack_negative,
17680,1,0,label_noise_corrected,dynamic_attack_negative,
17681,1,0,label_noise_corrected,dynamic_attack_negative,
17683,1,0,label_noise_corrected,dynamic_attack_negative,
17684,1,0,label_noise_corrected,dynamic_attack_negative,
17685,1,0,label_noise_corrected,dynamic_attack_negative,
17687,1,0,label_noise_corrected,dynamic_attack_negative,
17688,1,0,label_noise_corrected,dynamic_attack_negative,
17690,1,0,label_noise_corrected,dynamic_attack_negative,
17691,1,0,label_noise_corrected,dynamic_attack_negative,
17692,1,0,label_noise_corrected,dynamic_attack_negative,
17694,1,0,label_noise_corrected,dynamic_attack_negative,
17695,1,0,label_noise_corrected,dynamic_attack_negative,
17796,1,0,label_noise_corrected,dynamic_attack_negative,
178,1,0,label_noise_corrected,dynamic_attack_negative,
1786,1,0,label_noise_corrected,dynamic_attack_negative,
17868,1,0,label_noise_corrected,dynamic_attack_negative,
17949,1,0,label_noise_corrected,dynamic_attack_negative,
1795,1,0,label_noise_corrected,dynamic_attack_negative,
18048,1,0,label_noise_corrected,dynamic_attack_negative,
18061,1,0,label_noise_corrected,dynamic_attack_negative,
18066,1,0,label_noise_corrected,dynamic_attack_negative,
18081,1,0,label_noise_corrected,dynamic_attack_negative,
18084,1,0,label_noise_corrected,dynamic_attack_negative,
18085,1,0,label_noise_corrected,dynamic_attack_negative,
18087,1,0,label_noise_corrected,dynamic_attack_negative,
18091,1,0,label_noise_corrected,dynamic_attack_negative,
181,1,0,label_noise_corrected,dynamic_attack_negative,
1812,1,0,label_noise_corrected,dynamic_attack_negative,
18133,1,0,label_noise_corrected,dynamic_attack_negative,
18136,1,0,label_noise_corrected,dynamic_attack_negative,
18137,1,0,label_noise_corrected,dynamic_attack_negative,
18138,1,0,label_noise_corrected,dynamic_attack_negative,
18222,1,0,label_noise_corrected,dynamic_attack_negative,
18223,1,0,label_noise_corrected,dynamic_attack_negative,
18224,1,0,label_noise_corrected,dynamic_attack_negative,
18225,1,0,label_noise_corrected,dynamic_attack_negative,
18232,1,0,label_noise_corrected,dynamic_attack_negative,
18235,1,0,label_noise_corrected,dynamic_attack_negative,
18301,1,0,label_noise_corrected,dynamic_attack_negative,
18303,1,0,label_noise_corrected,dynamic_attack_negative,
18305,1,0,label_noise_corrected,dynamic_attack_negative,
18306,1,0,label_noise_corrected,dynamic_attack_negative,
18371,1,0,label_noise_corrected,dynamic_attack_negative,
18393,1,0,label_noise_corrected,dynamic_attack_negative,
18395,1,0,label_noise_corrected,dynamic_attack_negative,
18396,1,0,label_noise_corrected,dynamic_attack_negative,
18397,1,0,label_noise_corrected,dynamic_attack_negative,
184,1,0,label_noise_corrected,dynamic_attack_negative,
18456,1,0,label_noise_corrected,dynamic_attack_negative,
18458,1,0,label_noise_corrected,dynamic_attack_negative,
18522,1,0,label_noise_corrected,dynamic_attack_negative,
18531,1,0,label_noise_corrected,dynamic_attack_negative,
18537,1,0,label_noise_corrected,dynamic_attack_negative,
18541,1,0,label_noise_corrected,dynamic_attack_negative,
18549,1,0,label_noise_corrected,dynamic_attack_negative,
18551,1,0,label_noise_corrected,dynamic_attack_negative,
18552,1,0,label_noise_corrected,dynamic_attack_negative,
18556,1,0,label_noise_corrected,dynamic_attack_negative,
18557,1,0,label_noise_corrected,dynamic_attack_negative,
18559,1,0,label_noise_corrected,dynamic_attack_negative,
18560,1,0,label_noise_corrected,dynamic_attack_negative,
18561,1,0,label_noise_corrected,dynamic_attack_negative,
18563,1,0,label_noise_corrected,dynamic_attack_negative,
18565,1,0,label_noise_corrected,dynamic_attack_negative,
18566,1,0,label_noise_corrected,dynamic_attack_negative,
18567,1,0,label_noise_corrected,dynamic_attack_negative,
18568,1,0,label_noise_corrected,dynamic_attack_negative,
18570,1,0,label_noise_corrected,dynamic_attack_negative,
18571,1,0,label_noise_corrected,dynamic_attack_negative,
18572,1,0,label_noise_corrected,dynamic_attack_negative,
18601,1,0,label_noise_corrected,dynamic_attack_negative,
18603,1,0,label_noise_corrected,dynamic_attack_negative,
18628,1,0,label_noise_corrected,dynamic_attack_negative,
18691,1,0,label_noise_corrected,dynamic_attack_negative,
18692,1,0,label_noise_corrected,dynamic_attack_negative,
18693,1,0,label_noise_corrected,dynamic_attack_negative,
18694,1,0,label_noise_corrected,dynamic_attack_negative,
18695,1,0,label_noise_corrected,dynamic_attack_negative,
18696,1,0,label_noise_corrected,dynamic_attack_negative,
18698,1,0,label_noise_corrected,dynamic_attack_negative,
18699,1,0,label_noise_corrected,dynamic_attack_negative,
18700,1,0,label_noise_corrected,dynamic_attack_negative,
18741,1,0,label_noise_corrected,dynamic_attack_negative,
18746,1,0,label_noise_corrected,dynamic_attack_negative,
18748,1,0,label_noise_corrected,dynamic_attack_negative,
18756,1,0,label_noise_corrected,dynamic_attack_negative,
18763,1,0,label_noise_corrected,dynamic_attack_negative,
18765,1,0,label_noise_corrected,dynamic_attack_negative,
18767,1,0,label_noise_corrected,dynamic_attack_negative,
18772,1,0,label_noise_corrected,dynamic_attack_negative,
18776,1,0,label_noise_corrected,dynamic_attack_negative,
18778,1,0,label_noise_corrected,dynamic_attack_negative,
1878,1,0,label_noise_corrected,dynamic_attack_negative,
18780,1,0,label_noise_corrected,dynamic_attack_negative,
18786,1,0,label_noise_corrected,dynamic_attack_negative,
18792,1,0,label_noise_corrected,dynamic_attack_negative,
188,1,0,label_noise_corrected,dynamic_attack_negative,
18804,1,0,label_noise_corrected,dynamic_attack_negative,
1881,1,0,label_noise_corrected,dynamic_attack_negative,
18838,1,0,label_noise_corrected,dynamic_attack_negative,
18843,1,0,label_noise_corrected,dynamic_attack_negative,
18846,1,0,label_noise_corrected,dynamic_attack_negative,
18891,1,0,label_noise_corrected,dynamic_attack_negative,
18896,1,0,label_noise_corrected,dynamic_attack_negative,
1894,1,0,label_noise_corrected,dynamic_attack_negative,
1907,1,0,label_noise_corrected,dynamic_attack_negative,
1909,1,0,label_noise_corrected,dynamic_attack_negative,
1916,1,0,label_noise_corrected,dynamic_attack_negative,
1917,1,0,label_noise_corrected,dynamic_attack_negative,
1923,1,0,label_noise_corrected,dynamic_attack_negative,
193,1,0,label_noise_corrected,dynamic_attack_negative,
194,1,0,label_noise_corrected,dynamic_attack_negative,
197,1,0,label_noise_corrected,dynamic_attack_negative,
19731,0,1,cross_corpus_conflict_resolved,dynamic_confirmed,diversevul:5891_a92a293a5ca7
199250,0,1,cross_corpus_conflict_resolved,dynamic_confirmed,primevul:195238
199257,0,1,cross_corpus_conflict_resolved,dynamic_confirmed,primevul:195232
199544,0,1,cross_corpus_conflict_resolved,dynamic_confirmed,primevul:195385
2025,1,0,label_noise_corrected,dynamic_attack_negative,
205,1,0,label_noise_corrected,dynamic_attack_negative,
206,1,0,label_noise_corrected,dynamic_attack_negative,
208251,0,1,cross_corpus_conflict_resolved,dynamic_confirmed,primevul:200109
210,1,0,label_noise_corrected,dynamic_attack_negative,
2167,1,0,label_noise_corrected,dynamic_attack_negative,
2175,1,0,label_noise_corrected,dynamic_attack_negative,
2178,1,0,label_noise_corrected,dynamic_attack_negative,
22098,0,1,cross_corpus_conflict_resolved,dynamic_confirmed,primevul:204766
22122,0,1,cross_corpus_conflict_resolved,dynamic_confirmed,bigvul:181926
225921,0,1,cross_corpus_conflict_resolved,dynamic_confirmed,primevul:206028
226,1,0,label_noise_corrected,dynamic_attack_negative,
226910,0,1,cross_corpus_conflict_resolved,dynamic_confirmed,diversevul:12145_bbedf0dfbbae
2319,1,0,label_noise_corrected,dynamic_attack_negative,
233512,0,1,cross_corpus_conflict_resolved,dynamic_confirmed,primevul:195264
2347,1,0,label_noise_corrected,dynamic_attack_negative,
2348,1,0,label_noise_corrected,dynamic_attack_negative,
2352,1,0,label_noise_corrected,dynamic_attack_negative,
2354,1,0,label_noise_corrected,dynamic_attack_negative,
2355,1,0,label_noise_corrected,dynamic_attack_negative,
236195,0,1,cross_corpus_conflict_resolved,dynamic_confirmed,primevul:211126
2364,1,0,label_noise_corrected,dynamic_attack_negative,
237,1,0,label_noise_corrected,dynamic_attack_negative,
2401,1,0,label_noise_corrected,dynamic_attack_negative,
243093,0,1,cross_corpus_conflict_resolved,dynamic_confirmed,bigvul:178068
2433,1,0,label_noise_corrected,dynamic_attack_negative,
245,1,0,label_noise_corrected,dynamic_attack_negative,
247274,0,1,cross_corpus_conflict_resolved,dynamic_confirmed,diversevul:15342_c51348d6062b
247427,0,1,cross_corpus_conflict_resolved,dynamic_confirmed,bigvul:180704
247590,0,1,cross_corpus_conflict_resolved,dynamic_confirmed,diversevul:16348_de26a0cad73b
247956,0,1,cross_corpus_conflict_resolved,dynamic_confirmed,primevul:194974
247959,0,1,cross_corpus_conflict_resolved,dynamic_confirmed,primevul:195231
248038,0,1,cross_corpus_conflict_resolved,dynamic_confirmed,primevul:195069
248110,0,1,cross_corpus_conflict_resolved,dynamic_confirmed,primevul:194975
248127,0,1,cross_corpus_conflict_resolved,dynamic_confirmed,primevul:195246
248988,0,1,cross_corpus_conflict_resolved,dynamic_confirmed,primevul:195548
249135,0,1,cross_corpus_conflict_resolved,dynamic_confirmed,primevul:195409
2500,1,0,label_noise_corrected,dynamic_attack_negative,
250311,0,1,cross_corpus_conflict_resolved,dynamic_confirmed,diversevul:13415_f8d76337848c
250312,0,1,cross_corpus_conflict_resolved,dynamic_confirmed,diversevul:13416_9eb0eed1b545
25351,0,1,cross_corpus_conflict_resolved,dynamic_confirmed,bigvul:177834
254435,0,1,cross_corpus_conflict_resolved,dynamic_confirmed,primevul:195403
254442,0,1,cross_corpus_conflict_resolved,dynamic_confirmed,primevul:195071
255129,0,1,cross_corpus_conflict_resolved,dynamic_confirmed,diversevul:16824_280b6ec27b61
2556,1,0,label_noise_corrected,dynamic_attack_negative,
2557,1,0,label_noise_corrected,dynamic_attack_negative,
257907,0,1,cross_corpus_conflict_resolved,dynamic_confirmed,bigvul:182402
2617,1,0,label_noise_corrected,dynamic_attack_negative,
2619,1,0,label_noise_corrected,dynamic_attack_negative,
2627,1,0,label_noise_corrected,dynamic_attack_negative,
2630,1,0,label_noise_corrected,dynamic_attack_negative,
2637,1,0,label_noise_corrected,dynamic_attack_negative,
2638,1,0,label_noise_corrected,dynamic_attack_negative,
2639,1,0,label_noise_corrected,dynamic_attack_negative,
2641,1,0,label_noise_corrected,dynamic_attack_negative,
2642,1,0,label_noise_corrected,dynamic_attack_negative,
2643,1,0,label_noise_corrected,dynamic_attack_negative,
2646,1,0,label_noise_corrected,dynamic_attack_negative,
2650,1,0,label_noise_corrected,dynamic_attack_negative,
2655,1,0,label_noise_corrected,dynamic_attack_negative,
26577,0,1,cross_corpus_conflict_resolved,dynamic_confirmed,diversevul:15146_a3a0094213fb
2660,1,0,label_noise_corrected,dynamic_attack_negative,
268518,0,1,cross_corpus_conflict_resolved,dynamic_confirmed,primevul:195042
2697,1,0,label_noise_corrected,dynamic_attack_negative,
2698,1,0,label_noise_corrected,dynamic_attack_negative,
2713,1,0,label_noise_corrected,dynamic_attack_negative,
2714,1,0,label_noise_corrected,dynamic_attack_negative,
2716,1,0,label_noise_corrected,dynamic_attack_negative,
2717,1,0,label_noise_corrected,dynamic_attack_negative,
2718,1,0,label_noise_corrected,dynamic_attack_negative,
2720,1,0,label_noise_corrected,dynamic_attack_negative,
2721,1,0,label_noise_corrected,dynamic_attack_negative,
2723,1,0,label_noise_corrected,dynamic_attack_negative,
2724,1,0,label_noise_corrected,dynamic_attack_negative,
274272,0,1,cross_corpus_conflict_resolved,dynamic_confirmed,primevul:194994
276611,0,1,cross_corpus_conflict_resolved,dynamic_confirmed,diversevul:17307_0e95ab640ba8
278280,0,1,cross_corpus_conflict_resolved,dynamic_confirmed,primevul:195331
2790,1,0,label_noise_corrected,dynamic_attack_negative,
2791,1,0,label_noise_corrected,dynamic_attack_negative,
2792,1,0,label_noise_corrected,dynamic_attack_negative,
2793,1,0,label_noise_corrected,dynamic_attack_negative,
2795,1,0,label_noise_corrected,dynamic_attack_negative,
279748,0,1,cross_corpus_conflict_resolved,dynamic_confirmed,primevul:195070
280080,0,1,cross_corpus_conflict_resolved,dynamic_confirmed,primevul:195247
280784,0,1,cross_corpus_conflict_resolved,dynamic_confirmed,primevul:194997
283861,0,1,cross_corpus_conflict_resolved,dynamic_confirmed,primevul:195391
284294,0,1,cross_corpus_conflict_resolved,dynamic_confirmed,primevul:195488
2858,1,0,label_noise_corrected,dynamic_attack_negative,
2859,1,0,label_noise_corrected,dynamic_attack_negative,
2860,1,0,label_noise_corrected,dynamic_attack_negative,
287962,0,1,cross_corpus_conflict_resolved,dynamic_confirmed,primevul:198158
2906,1,0,label_noise_corrected,dynamic_attack_negative,
291362,0,1,cross_corpus_conflict_resolved,dynamic_confirmed,primevul:195017
2945,1,0,label_noise_corrected,dynamic_attack_negative,
294838,0,1,cross_corpus_conflict_resolved,dynamic_confirmed,bigvul:182346
294844,0,1,cross_corpus_conflict_resolved,dynamic_confirmed,bigvul:182347
294923,0,1,cross_corpus_conflict_resolved,dynamic_confirmed,primevul:195025
294955,0,1,cross_corpus_conflict_resolved,dynamic_confirmed,bigvul:181497
2952,1,0,label_noise_corrected,dynamic_attack_negative,
2976,1,0,label_noise_corrected,dynamic_attack_negative,
2977,1,0,label_noise_corrected,dynamic_attack_negative,
2979,1,0,label_noise_corrected,dynamic_attack_negative,
2980,1,0,label_noise_corrected,dynamic_attack_negative,
2981,1,0,label_noise_corrected,dynamic_attack_negative,
2983,1,0,label_noise_corrected,dynamic_attack_negative,
2984,1,0,label_noise_corrected,dynamic_attack_negative,
298490,0,1,cross_corpus_conflict_resolved,dynamic_confirmed,primevul:195217
2985,1,0,label_noise_corrected,dynamic_attack_negative,
2986,1,0,label_noise_corrected,dynamic_attack_negative,
2987,1,0,label_noise_corrected,dynamic_attack_negative,
2988,1,0,label_noise_corrected,dynamic_attack_negative,
2989,1,0,label_noise_corrected,dynamic_attack_negative,
2990,1,0,label_noise_corrected,dynamic_attack_negative,
2991,1,0,label_noise_corrected,dynamic_attack_negative,
2992,1,0,label_noise_corrected,dynamic_attack_negative,
2993,1,0,label_noise_corrected,dynamic_attack_negative,
2996,1,0,label_noise_corrected,dynamic_attack_negative,
2997,1,0,label_noise_corrected,dynamic_attack_negative,
2998,1,0,label_noise_corrected,dynamic_attack_negative,
2999,1,0,label_noise_corrected,dynamic_attack_negative,
3000,1,0,label_noise_corrected,dynamic_attack_negative,
3001,1,0,label_noise_corrected,dynamic_attack_negative,
300142,0,1,cross_corpus_conflict_resolved,dynamic_confirmed,diversevul:16859_cb41023cdb4a
3002,1,0,label_noise_corrected,dynamic_attack_negative,
300266,0,1,cross_corpus_conflict_resolved,dynamic_confirmed,primevul:195294
3003,1,0,label_noise_corrected,dynamic_attack_negative,
3005,1,0,label_noise_corrected,dynamic_attack_negative,
3006,1,0,label_noise_corrected,dynamic_attack_negative,
3007,1,0,label_noise_corrected,dynamic_attack_negative,
3008,1,0,label_noise_corrected,dynamic_attack_negative,
3009,1,0,label_noise_corrected,dynamic_attack_negative,
3010,1,0,label_noise_corrected,dynamic_attack_negative,
3011,1,0,label_noise_corrected,dynamic_attack_negative,
3012,1,0,label_noise_corrected,dynamic_attack_negative,
3013,1,0,label_noise_corrected,dynamic_attack_negative,
3014,1,0,label_noise_corrected,dynamic_attack_negative,
3015,1,0,label_noise_corrected,dynamic_attack_negative,
3016,1,0,label_noise_corrected,dynamic_attack_negative,
3017,1,0,label_noise_corrected,dynamic_attack_negative,
3019,1,0,label_noise_corrected,dynamic_attack_negative,
302320,0,1,cross_corpus_conflict_resolved,dynamic_confirmed,bigvul:180104
302564,0,1,cross_corpus_conflict_resolved,dynamic_confirmed,primevul:195041
303016,0,1,cross_corpus_conflict_resolved,dynamic_confirmed,bigvul:183034
306609,0,1,cross_corpus_conflict_resolved,dynamic_confirmed,bigvul:183203
30697,0,1,cross_corpus_conflict_resolved,dynamic_confirmed,bigvul:184491
30699,0,1,cross_corpus_conflict_resolved,dynamic_confirmed,bigvul:187323
307493,0,1,cross_corpus_conflict_resolved,dynamic_confirmed,primevul:195334
308197,0,1,cross_corpus_conflict_resolved,dynamic_confirmed,primevul:195059
309377,0,1,cross_corpus_conflict_resolved,dynamic_confirmed,primevul:195083
30950,0,1,cross_corpus_conflict_resolved,dynamic_confirmed,diversevul:16382_7c6515aa6f79
310501,0,1,cross_corpus_conflict_resolved,dynamic_confirmed,diversevul:17787_1c2e18e75f2e
31051,0,1,cross_corpus_conflict_resolved,dynamic_confirmed,bigvul:180537
31075,0,1,cross_corpus_conflict_resolved,dynamic_confirmed,bigvul:180542
3111,1,0,label_noise_corrected,dynamic_attack_negative,
3113,1,0,label_noise_corrected,dynamic_attack_negative,
311342,0,1,cross_corpus_conflict_resolved,dynamic_confirmed,bigvul:178421
3114,1,0,label_noise_corrected,dynamic_attack_negative,
311613,0,1,cross_corpus_conflict_resolved,dynamic_confirmed,diversevul:17952_66c50362c110
31190,0,1,cross_corpus_conflict_resolved,dynamic_confirmed,bigvul:180547
312891,0,1,cross_corpus_conflict_resolved,dynamic_confirmed,diversevul:18104_bda1586b833f
3129,1,0,label_noise_corrected,dynamic_attack_negative,
3130,1,0,label_noise_corrected,dynamic_attack_negative,
313017,0,1,cross_corpus_conflict_resolved,dynamic_confirmed,diversevul:18161_c0a1eb06675a
3131,1,0,label_noise_corrected,dynamic_attack_negative,
3132,1,0,label_noise_corrected,dynamic_attack_negative,
313298,0,1,cross_corpus_conflict_resolved,dynamic_confirmed,diversevul:17874_2f95540f00ba
3133,1,0,label_noise_corrected,dynamic_attack_negative,
3134,1,0,label_noise_corrected,dynamic_attack_negative,
3135,1,0,label_noise_corrected,dynamic_attack_negative,
3136,1,0,label_noise_corrected,dynamic_attack_negative,
3137,1,0,label_noise_corrected,dynamic_attack_negative,
3138,1,0,label_noise_corrected,dynamic_attack_negative,
3139,1,0,label_noise_corrected,dynamic_attack_negative,
3140,1,0,label_noise_corrected,dynamic_attack_negative,
3141,1,0,label_noise_corrected,dynamic_attack_negative,
3142,1,0,label_noise_corrected,dynamic_attack_negative,
3143,1,0,label_noise_corrected,dynamic_attack_negative,
3144,1,0,label_noise_corrected,dynamic_attack_negative,
3146,1,0,label_noise_corrected,dynamic_attack_negative,
3147,1,0,label_noise_corrected,dynamic_attack_negative,
3148,1,0,label_noise_corrected,dynamic_attack_negative,
3149,1,0,label_noise_corrected,dynamic_attack_negative,
3150,1,0,label_noise_corrected,dynamic_attack_negative,
3151,1,0,label_noise_corrected,dynamic_attack_negative,
3153,1,0,label_noise_corrected,dynamic_attack_negative,
3154,1,0,label_noise_corrected,dynamic_attack_negative,
3155,1,0,label_noise_corrected,dynamic_attack_negative,
3157,1,0,label_noise_corrected,dynamic_attack_negative,
3158,1,0,label_noise_corrected,dynamic_attack_negative,
3159,1,0,label_noise_corrected,dynamic_attack_negative,
316,1,0,label_noise_corrected,dynamic_attack_negative,
3160,1,0,label_noise_corrected,dynamic_attack_negative,
3161,1,0,label_noise_corrected,dynamic_attack_negative,
3162,1,0,label_noise_corrected,dynamic_attack_negative,
3163,1,0,label_noise_corrected,dynamic_attack_negative,
3164,1,0,label_noise_corrected,dynamic_attack_negative,
3165,1,0,label_noise_corrected,dynamic_attack_negative,
3167,1,0,label_noise_corrected,dynamic_attack_negative,
3168,1,0,label_noise_corrected,dynamic_attack_negative,
3169,1,0,label_noise_corrected,dynamic_attack_negative,
3171,1,0,label_noise_corrected,dynamic_attack_negative,
3173,1,0,label_noise_corrected,dynamic_attack_negative,
3175,1,0,label_noise_corrected,dynamic_attack_negative,
3176,1,0,label_noise_corrected,dynamic_attack_negative,
3177,1,0,label_noise_corrected,dynamic_attack_negative,
3178,1,0,label_noise_corrected,dynamic_attack_negative,
3179,1,0,label_noise_corrected,dynamic_attack_negative,
3180,1,0,label_noise_corrected,dynamic_attack_negative,
3181,1,0,label_noise_corrected,dynamic_attack_negative,
3182,1,0,label_noise_corrected,dynamic_attack_negative,
3183,1,0,label_noise_corrected,dynamic_attack_negative,
3184,1,0,label_noise_corrected,dynamic_attack_negative,
3185,1,0,label_noise_corrected,dynamic_attack_negative,
3186,1,0,label_noise_corrected,dynamic_attack_negative,
3187,1,0,label_noise_corrected,dynamic_attack_negative,
3200,1,0,label_noise_corrected,dynamic_attack_negative,
3201,1,0,label_noise_corrected,dynamic_attack_negative,
3202,1,0,label_noise_corrected,dynamic_attack_negative,
3204,1,0,label_noise_corrected,dynamic_attack_negative,
3206,1,0,label_noise_corrected,dynamic_attack_negative,
3207,1,0,label_noise_corrected,dynamic_attack_negative,
3210,1,0,label_noise_corrected,dynamic_attack_negative,
3212,1,0,label_noise_corrected,dynamic_attack_negative,
3215,1,0,label_noise_corrected,dynamic_attack_negative,
3217,1,0,label_noise_corrected,dynamic_attack_negative,
3218,1,0,label_noise_corrected,dynamic_attack_negative,
3219,1,0,label_noise_corrected,dynamic_attack_negative,
3222,1,0,label_noise_corrected,dynamic_attack_negative,
3228,1,0,label_noise_corrected,dynamic_attack_negative,
3232,1,0,label_noise_corrected,dynamic_attack_negative,
3234,1,0,label_noise_corrected,dynamic_attack_negative,
3235,1,0,label_noise_corrected,dynamic_attack_negative,
3243,1,0,label_noise_corrected,dynamic_attack_negative,
3247,1,0,label_noise_corrected,dynamic_attack_negative,
3248,1,0,label_noise_corrected,dynamic_attack_negative,
3250,1,0,label_noise_corrected,dynamic_attack_negative,
3251,1,0,label_noise_corrected,dynamic_attack_negative,
3254,1,0,label_noise_corrected,dynamic_attack_negative,
3256,1,0,label_noise_corrected,dynamic_attack_negative,
3257,1,0,label_noise_corrected,dynamic_attack_negative,
3259,1,0,label_noise_corrected,dynamic_attack_negative,
3261,1,0,label_noise_corrected,dynamic_attack_negative,
3263,1,0,label_noise_corrected,dynamic_attack_negative,
3264,1,0,label_noise_corrected,dynamic_attack_negative,
3279,1,0,label_noise_corrected,dynamic_attack_negative,
3280,1,0,label_noise_corrected,dynamic_attack_negative,
3281,1,0,label_noise_corrected,dynamic_attack_negative,
3282,1,0,label_noise_corrected,dynamic_attack_negative,
3284,1,0,label_noise_corrected,dynamic_attack_negative,
3285,1,0,label_noise_corrected,dynamic_attack_negative,
3289,1,0,label_noise_corrected,dynamic_attack_negative,
3290,1,0,label_noise_corrected,dynamic_attack_negative,
329280,0,1,cross_corpus_conflict_resolved,dynamic_confirmed,diversevul:9649_ff082cb6dabe
33,1,0,label_noise_corrected,dynamic_attack_negative,
330449,0,1,cross_corpus_conflict_resolved,dynamic_confirmed,diversevul:18542_7142cd1779db
3310,1,0,label_noise_corrected,dynamic_attack_negative,
3314,1,0,label_noise_corrected,dynamic_attack_negative,
3332,1,0,label_noise_corrected,dynamic_attack_negative,
3333,1,0,label_noise_corrected,dynamic_attack_negative,
3334,1,0,label_noise_corrected,dynamic_attack_negative,
33480,0,1,cross_corpus_conflict_resolved,dynamic_confirmed,diversevul:4706_b180dfa13188
3365,1,0,label_noise_corrected,dynamic_attack_negative,
3366,1,0,label_noise_corrected,dynamic_attack_negative,
3367,1,0,label_noise_corrected,dynamic_attack_negative,
3379,1,0,label_noise_corrected,dynamic_attack_negative,
3398,1,0,label_noise_corrected,dynamic_attack_negative,
3422,1,0,label_noise_corrected,dynamic_attack_negative,
3424,1,0,label_noise_corrected,dynamic_attack_negative,
34365,0,1,cross_corpus_conflict_resolved,dynamic_confirmed,bigvul:184992
34372,0,1,cross_corpus_conflict_resolved,dynamic_confirmed,bigvul:184987
34374,0,1,cross_corpus_conflict_resolved,dynamic_confirmed,bigvul:184990
3440,1,0,label_noise_corrected,dynamic_attack_negative,
34424,0,1,cross_corpus_conflict_resolved,dynamic_confirmed,bigvul:184965
34455,0,1,cross_corpus_conflict_resolved,dynamic_confirmed,bigvul:184999
34463,0,1,cross_corpus_conflict_resolved,dynamic_confirmed,diversevul:4076_7488caeb633e
34472,0,1,cross_corpus_conflict_resolved,dynamic_confirmed,bigvul:184971
34475,0,1,cross_corpus_conflict_resolved,dynamic_confirmed,bigvul:184998
3469,1,0,label_noise_corrected,dynamic_attack_negative,
3470,1,0,label_noise_corrected,dynamic_attack_negative,
3493,1,0,label_noise_corrected,dynamic_attack_negative,
3498,1,0,label_noise_corrected,dynamic_attack_negative,
3499,1,0,label_noise_corrected,dynamic_attack_negative,
3500,1,0,label_noise_corrected,dynamic_attack_negative,
35389,0,1,cross_corpus_conflict_resolved,dynamic_confirmed,bigvul:184490
3588,1,0,label_noise_corrected,dynamic_attack_negative,
3595,1,0,label_noise_corrected,dynamic_attack_negative,
3601,1,0,label_noise_corrected,dynamic_attack_negative,
3603,1,0,label_noise_corrected,dynamic_attack_negative,
3604,1,0,label_noise_corrected,dynamic_attack_negative,
3605,1,0,label_noise_corrected,dynamic_attack_negative,
3613,1,0,label_noise_corrected,dynamic_attack_negative,
3614,1,0,label_noise_corrected,dynamic_attack_negative,
3615,1,0,label_noise_corrected,dynamic_attack_negative,
3616,1,0,label_noise_corrected,dynamic_attack_negative,
3617,1,0,label_noise_corrected,dynamic_attack_negative,
3619,1,0,label_noise_corrected,dynamic_attack_negative,
3620,1,0,label_noise_corrected,dynamic_attack_negative,
3621,1,0,label_noise_corrected,dynamic_attack_negative,
3624,1,0,label_noise_corrected,dynamic_attack_negative,
3625,1,0,label_noise_corrected,dynamic_attack_negative,
3626,1,0,label_noise_corrected,dynamic_attack_negative,
3627,1,0,label_noise_corrected,dynamic_attack_negative,
3628,1,0,label_noise_corrected,dynamic_attack_negative,
3629,1,0,label_noise_corrected,dynamic_attack_negative,
3630,1,0,label_noise_corrected,dynamic_attack_negative,
3632,1,0,label_noise_corrected,dynamic_attack_negative,
3633,1,0,label_noise_corrected,dynamic_attack_negative,
3675,1,0,label_noise_corrected,dynamic_attack_negative,
3692,1,0,label_noise_corrected,dynamic_attack_negative,
38,1,0,label_noise_corrected,dynamic_attack_negative,
3823,1,0,label_noise_corrected,dynamic_attack_negative,
3825,1,0,label_noise_corrected,dynamic_attack_negative,
3826,1,0,label_noise_corrected,dynamic_attack_negative,
3847,1,0,label_noise_corrected,dynamic_attack_negative,
3848,1,0,label_noise_corrected,dynamic_attack_negative,
3944,1,0,label_noise_corrected,dynamic_attack_negative,
396,1,0,label_noise_corrected,dynamic_attack_negative,
3975,1,0,label_noise_corrected,dynamic_attack_negative,
4003,1,0,label_noise_corrected,dynamic_attack_negative,
4029,1,0,label_noise_corrected,dynamic_attack_negative,
4030,1,0,label_noise_corrected,dynamic_attack_negative,
4032,1,0,label_noise_corrected,dynamic_attack_negative,
4034,1,0,label_noise_corrected,dynamic_attack_negative,
4037,1,0,label_noise_corrected,dynamic_attack_negative,
4040,1,0,label_noise_corrected,dynamic_attack_negative,
4043,1,0,label_noise_corrected,dynamic_attack_negative,
4044,1,0,label_noise_corrected,dynamic_attack_negative,
4045,1,0,label_noise_corrected,dynamic_attack_negative,
4046,1,0,label_noise_corrected,dynamic_attack_negative,
4047,1,0,label_noise_corrected,dynamic_attack_negative,
4048,1,0,label_noise_corrected,dynamic_attack_negative,
4049,1,0,label_noise_corrected,dynamic_attack_negative,
4050,1,0,label_noise_corrected,dynamic_attack_negative,
4081,1,0,label_noise_corrected,dynamic_attack_negative,
4086,1,0,label_noise_corrected,dynamic_attack_negative,
4087,1,0,label_noise_corrected,dynamic_attack_negative,
4091,1,0,label_noise_corrected,dynamic_attack_negative,
4093,1,0,label_noise_corrected,dynamic_attack_negative,
41299,0,1,cross_corpus_conflict_resolved,dynamic_confirmed,diversevul:1181_0c851d263440
41301,0,1,cross_corpus_conflict_resolved,dynamic_confirmed,diversevul:1180_ba697bb376a2
4179,1,0,label_noise_corrected,dynamic_attack_negative,
4180,1,0,label_noise_corrected,dynamic_attack_negative,
4181,1,0,label_noise_corrected,dynamic_attack_negative,
4266,1,0,label_noise_corrected,dynamic_attack_negative,
4269,1,0,label_noise_corrected,dynamic_attack_negative,
4270,1,0,label_noise_corrected,dynamic_attack_negative,
4273,1,0,label_noise_corrected,dynamic_attack_negative,
4275,1,0,label_noise_corrected,dynamic_attack_negative,
4277,1,0,label_noise_corrected,dynamic_attack_negative,
42855,0,1,cross_corpus_conflict_resolved,dynamic_confirmed,bigvul:179456
42946,0,1,cross_corpus_conflict_resolved,dynamic_confirmed,diversevul:2360_abce854094c8
4295,1,0,label_noise_corrected,dynamic_attack_negative,
4296,1,0,label_noise_corrected,dynamic_attack_negative,
4298,1,0,label_noise_corrected,dynamic_attack_negative,
4299,1,0,label_noise_corrected,dynamic_attack_negative,
4300,1,0,label_noise_corrected,dynamic_attack_negative,
4301,1,0,label_noise_corrected,dynamic_attack_negative,
4302,1,0,label_noise_corrected,dynamic_attack_negative,
4303,1,0,label_noise_corrected,dynamic_attack_negative,
4304,1,0,label_noise_corrected,dynamic_attack_negative,
4305,1,0,label_noise_corrected,dynamic_attack_negative,
4306,1,0,label_noise_corrected,dynamic_attack_negative,
4308,1,0,label_noise_corrected,dynamic_attack_negative,
4309,1,0,label_noise_corrected,dynamic_attack_negative,
4310,1,0,label_noise_corrected,dynamic_attack_negative,
4311,1,0,label_noise_corrected,dynamic_attack_negative,
4312,1,0,label_noise_corrected,dynamic_attack_negative,
4313,1,0,label_noise_corrected,dynamic_attack_negative,
4315,1,0,label_noise_corrected,dynamic_attack_negative,
4317,1,0,label_noise_corrected,dynamic_attack_negative,
4318,1,0,label_noise_corrected,dynamic_attack_negative,
4333,1,0,label_noise_corrected,dynamic_attack_negative,
4335,1,0,label_noise_corrected,dynamic_attack_negative,
4336,1,0,label_noise_corrected,dynamic_attack_negative,
4343,1,0,label_noise_corrected,dynamic_attack_negative,
4345,1,0,label_noise_corrected,dynamic_attack_negative,
4350,1,0,label_noise_corrected,dynamic_attack_negative,
4352,1,0,label_noise_corrected,dynamic_attack_negative,
4354,1,0,label_noise_corrected,dynamic_attack_negative,
4355,1,0,label_noise_corrected,dynamic_attack_negative,
4357,1,0,label_noise_corrected,dynamic_attack_negative,
4360,1,0,label_noise_corrected,dynamic_attack_negative,
4362,1,0,label_noise_corrected,dynamic_attack_negative,
4369,1,0,label_noise_corrected,dynamic_attack_negative,
437,1,0,label_noise_corrected,dynamic_attack_negative,
4378,1,0,label_noise_corrected,dynamic_attack_negative,
4382,1,0,label_noise_corrected,dynamic_attack_negative,
4386,1,0,label_noise_corrected,dynamic_attack_negative,
4412,1,0,label_noise_corrected,dynamic_attack_negative,
4413,1,0,label_noise_corrected,dynamic_attack_negative,
4415,1,0,label_noise_corrected,dynamic_attack_negative,
4416,1,0,label_noise_corrected,dynamic_attack_negative,
4417,1,0,label_noise_corrected,dynamic_attack_negative,
4419,1,0,label_noise_corrected,dynamic_attack_negative,
4420,1,0,label_noise_corrected,dynamic_attack_negative,
4421,1,0,label_noise_corrected,dynamic_attack_negative,
4422,1,0,label_noise_corrected,dynamic_attack_negative,
4423,1,0,label_noise_corrected,dynamic_attack_negative,
4424,1,0,label_noise_corrected,dynamic_attack_negative,
4425,1,0,label_noise_corrected,dynamic_attack_negative,
4426,1,0,label_noise_corrected,dynamic_attack_negative,
4427,1,0,label_noise_corrected,dynamic_attack_negative,
4429,1,0,label_noise_corrected,dynamic_attack_negative,
4443,1,0,label_noise_corrected,dynamic_attack_negative,
4444,1,0,label_noise_corrected,dynamic_attack_negative,
4445,1,0,label_noise_corrected,dynamic_attack_negative,
4446,1,0,label_noise_corrected,dynamic_attack_negative,
4448,1,0,label_noise_corrected,dynamic_attack_negative,
4452,1,0,label_noise_corrected,dynamic_attack_negative,
447,1,0,label_noise_corrected,dynamic_attack_negative,
4475,1,0,label_noise_corrected,dynamic_attack_negative,
4476,1,0,label_noise_corrected,dynamic_attack_negative,
4477,1,0,label_noise_corrected,dynamic_attack_negative,
4484,1,0,label_noise_corrected,dynamic_attack_negative,
4486,1,0,label_noise_corrected,dynamic_attack_negative,
4491,1,0,label_noise_corrected,dynamic_attack_negative,
4548,1,0,label_noise_corrected,dynamic_attack_negative,
4630,1,0,label_noise_corrected,dynamic_attack_negative,
4650,1,0,label_noise_corrected,dynamic_attack_negative,
4661,1,0,label_noise_corrected,dynamic_attack_negative,
46703,0,1,cross_corpus_conflict_resolved,dynamic_confirmed,bigvul:181684
4673,1,0,label_noise_corrected,dynamic_attack_negative,
4674,1,0,label_noise_corrected,dynamic_attack_negative,
4712,1,0,label_noise_corrected,dynamic_attack_negative,
4713,1,0,label_noise_corrected,dynamic_attack_negative,
4714,1,0,label_noise_corrected,dynamic_attack_negative,
4715,1,0,label_noise_corrected,dynamic_attack_negative,
4716,1,0,label_noise_corrected,dynamic_attack_negative,
47398,0,1,cross_corpus_conflict_resolved,dynamic_confirmed,primevul:208721
4749,1,0,label_noise_corrected,dynamic_attack_negative,
4751,1,0,label_noise_corrected,dynamic_attack_negative,
4755,1,0,label_noise_corrected,dynamic_attack_negative,
4797,1,0,label_noise_corrected,dynamic_attack_negative,
4808,1,0,label_noise_corrected,dynamic_attack_negative,
48100,0,1,cross_corpus_conflict_resolved,dynamic_confirmed,diversevul:1645_ab5c8dc8f8dd
4816,1,0,label_noise_corrected,dynamic_attack_negative,
4824,1,0,label_noise_corrected,dynamic_attack_negative,
4827,1,0,label_noise_corrected,dynamic_attack_negative,
4832,1,0,label_noise_corrected,dynamic_attack_negative,
4841,1,0,label_noise_corrected,dynamic_attack_negative,
4842,1,0,label_noise_corrected,dynamic_attack_negative,
4845,1,0,label_noise_corrected,dynamic_attack_negative,
4848,1,0,label_noise_corrected,dynamic_attack_negative,
4854,1,0,label_noise_corrected,dynamic_attack_negative,
4856,1,0,label_noise_corrected,dynamic_attack_negative,
4874,1,0,label_noise_corrected,dynamic_attack_negative,
488,1,0,label_noise_corrected,dynamic_attack_negative,
493,1,0,label_noise_corrected,dynamic_attack_negative,
4973,1,0,label_noise_corrected,dynamic_attack_negative,
50300,0,1,cross_corpus_conflict_resolved,dynamic_confirmed,bigvul:180125
5034,1,0,label_noise_corrected,dynamic_attack_negative,
50398,0,1,cross_corpus_conflict_resolved,dynamic_confirmed,diversevul:1848_76d804e1e055
50430,0,1,cross_corpus_conflict_resolved,dynamic_confirmed,diversevul:1847_a1c1bfc33c55
5044,1,0,label_noise_corrected,dynamic_attack_negative,
5046,1,0,label_noise_corrected,dynamic_attack_negative,
5047,1,0,label_noise_corrected,dynamic_attack_negative,
5048,1,0,label_noise_corrected,dynamic_attack_negative,
5069,1,0,label_noise_corrected,dynamic_attack_negative,
50706,0,1,cross_corpus_conflict_resolved,dynamic_confirmed,diversevul:1855_efc8847c902c
5078,1,0,label_noise_corrected,dynamic_attack_negative,
5116,1,0,label_noise_corrected,dynamic_attack_negative,
5118,1,0,label_noise_corrected,dynamic_attack_negative,
5156,1,0,label_noise_corrected,dynamic_attack_negative,
5170,1,0,label_noise_corrected,dynamic_attack_negative,
5297,1,0,label_noise_corrected,dynamic_attack_negative,
5298,1,0,label_noise_corrected,dynamic_attack_negative,
5300,1,0,label_noise_corrected,dynamic_attack_negative,
5301,1,0,label_noise_corrected,dynamic_attack_negative,
5391,1,0,label_noise_corrected,dynamic_attack_negative,
5422,1,0,label_noise_corrected,dynamic_attack_negative,
5437,1,0,label_noise_corrected,dynamic_attack_negative,
5438,1,0,label_noise_corrected,dynamic_attack_negative,
5497,1,0,label_noise_corrected,dynamic_attack_negative,
5501,1,0,label_noise_corrected,dynamic_attack_negative,
5534,1,0,label_noise_corrected,dynamic_attack_negative,
5536,1,0,label_noise_corrected,dynamic_attack_negative,
5537,1,0,label_noise_corrected,dynamic_attack_negative,
5538,1,0,label_noise_corrected,dynamic_attack_negative,
5539,1,0,label_noise_corrected,dynamic_attack_negative,
5540,1,0,label_noise_corrected,dynamic_attack_negative,
5541,1,0,label_noise_corrected,dynamic_attack_negative,
5542,1,0,label_noise_corrected,dynamic_attack_negative,
5543,1,0,label_noise_corrected,dynamic_attack_negative,
5546,1,0,label_noise_corrected,dynamic_attack_negative,
5549,1,0,label_noise_corrected,dynamic_attack_negative,
555,1,0,label_noise_corrected,dynamic_attack_negative,
556,1,0,label_noise_corrected,dynamic_attack_negative,
5562,1,0,label_noise_corrected,dynamic_attack_negative,
560,1,0,label_noise_corrected,dynamic_attack_negative,
5629,1,0,label_noise_corrected,dynamic_attack_negative,
563,1,0,label_noise_corrected,dynamic_attack_negative,
5652,1,0,label_noise_corrected,dynamic_attack_negative,
566,1,0,label_noise_corrected,dynamic_attack_negative,
570,1,0,label_noise_corrected,dynamic_attack_negative,
57172,0,1,cross_corpus_conflict_resolved,dynamic_confirmed,diversevul:3174_cc2535225f5f
573,1,0,label_noise_corrected,dynamic_attack_negative,
5743,1,0,label_noise_corrected,dynamic_attack_negative,
5771,1,0,label_noise_corrected,dynamic_attack_negative,
5798,1,0,label_noise_corrected,dynamic_attack_negative,
5801,1,0,label_noise_corrected,dynamic_attack_negative,
5862,1,0,label_noise_corrected,dynamic_attack_negative,
5872,1,0,label_noise_corrected,dynamic_attack_negative,
5873,1,0,label_noise_corrected,dynamic_attack_negative,
5874,1,0,label_noise_corrected,dynamic_attack_negative,
5875,1,0,label_noise_corrected,dynamic_attack_negative,
5877,1,0,label_noise_corrected,dynamic_attack_negative,
5878,1,0,label_noise_corrected,dynamic_attack_negative,
5880,1,0,label_noise_corrected,dynamic_attack_negative,
5881,1,0,label_noise_corrected,dynamic_attack_negative,
5887,1,0,label_noise_corrected,dynamic_attack_negative,
58962,0,1,cross_corpus_conflict_resolved,dynamic_confirmed,primevul:214370
5911,1,0,label_noise_corrected,dynamic_attack_negative,
5912,1,0,label_noise_corrected,dynamic_attack_negative,
6003,1,0,label_noise_corrected,dynamic_attack_negative,
6005,1,0,label_noise_corrected,dynamic_attack_negative,
6006,1,0,label_noise_corrected,dynamic_attack_negative,
6007,1,0,label_noise_corrected,dynamic_attack_negative,
6009,1,0,label_noise_corrected,dynamic_attack_negative,
6010,1,0,label_noise_corrected,dynamic_attack_negative,
6011,1,0,label_noise_corrected,dynamic_attack_negative,
6012,1,0,label_noise_corrected,dynamic_attack_negative,
6013,1,0,label_noise_corrected,dynamic_attack_negative,
6014,1,0,label_noise_corrected,dynamic_attack_negative,
6015,1,0,label_noise_corrected,dynamic_attack_negative,
6018,1,0,label_noise_corrected,dynamic_attack_negative,
6048,1,0,label_noise_corrected,dynamic_attack_negative,
6096,1,0,label_noise_corrected,dynamic_attack_negative,
61163,0,1,cross_corpus_conflict_resolved,dynamic_confirmed,bigvul:181016
6160,1,0,label_noise_corrected,dynamic_attack_negative,
6166,1,0,label_noise_corrected,dynamic_attack_negative,
6198,1,0,label_noise_corrected,dynamic_attack_negative,
6199,1,0,label_noise_corrected,dynamic_attack_negative,
6200,1,0,label_noise_corrected,dynamic_attack_negative,
6203,1,0,label_noise_corrected,dynamic_attack_negative,
6204,1,0,label_noise_corrected,dynamic_attack_negative,
6205,1,0,label_noise_corrected,dynamic_attack_negative,
6207,1,0,label_noise_corrected,dynamic_attack_negative,
6209,1,0,label_noise_corrected,dynamic_attack_negative,
6212,1,0,label_noise_corrected,dynamic_attack_negative,
6215,1,0,label_noise_corrected,dynamic_attack_negative,
6222,1,0,label_noise_corrected,dynamic_attack_negative,
6223,1,0,label_noise_corrected,dynamic_attack_negative,
6226,1,0,label_noise_corrected,dynamic_attack_negative,
62320,0,1,cross_corpus_conflict_resolved,dynamic_confirmed,bigvul:183409
6238,1,0,label_noise_corrected,dynamic_attack_negative,
6300,1,0,label_noise_corrected,dynamic_attack_negative,
6343,1,0,label_noise_corrected,dynamic_attack_negative,
6344,1,0,label_noise_corrected,dynamic_attack_negative,
6345,1,0,label_noise_corrected,dynamic_attack_negative,
6346,1,0,label_noise_corrected,dynamic_attack_negative,
6348,1,0,label_noise_corrected,dynamic_attack_negative,
6349,1,0,label_noise_corrected,dynamic_attack_negative,
6350,1,0,label_noise_corrected,dynamic_attack_negative,
6351,1,0,label_noise_corrected,dynamic_attack_negative,
6352,1,0,label_noise_corrected,dynamic_attack_negative,
6353,1,0,label_noise_corrected,dynamic_attack_negative,
6354,1,0,label_noise_corrected,dynamic_attack_negative,
6355,1,0,label_noise_corrected,dynamic_attack_negative,
6356,1,0,label_noise_corrected,dynamic_attack_negative,
6357,1,0,label_noise_corrected,dynamic_attack_negative,
6358,1,0,label_noise_corrected,dynamic_attack_negative,
6359,1,0,label_noise_corrected,dynamic_attack_negative,
6372,1,0,label_noise_corrected,dynamic_attack_negative,
6390,1,0,label_noise_corrected,dynamic_attack_negative,
6417,1,0,label_noise_corrected,dynamic_attack_negative,
642,1,0,label_noise_corrected,dynamic_attack_negative,
6420,1,0,label_noise_corrected,dynamic_attack_negative,
6428,1,0,label_noise_corrected,dynamic_attack_negative,
6429,1,0,label_noise_corrected,dynamic_attack_negative,
643,1,0,label_noise_corrected,dynamic_attack_negative,
6447,1,0,label_noise_corrected,dynamic_attack_negative,
64480,0,1,cross_corpus_conflict_resolved,dynamic_confirmed,diversevul:3776_127b5f683511
6472,1,0,label_noise_corrected,dynamic_attack_negative,
6485,1,0,label_noise_corrected,dynamic_attack_negative,
6493,1,0,label_noise_corrected,dynamic_attack_negative,
6495,1,0,label_noise_corrected,dynamic_attack_negative,
6497,1,0,label_noise_corrected,dynamic_attack_negative,
6501,1,0,label_noise_corrected,dynamic_attack_negative,
6506,1,0,label_noise_corrected,dynamic_attack_negative,
6507,1,0,label_noise_corrected,dynamic_attack_negative,
6509,1,0,label_noise_corrected,dynamic_attack_negative,
6510,1,0,label_noise_corrected,dynamic_attack_negative,
6511,1,0,label_noise_corrected,dynamic_attack_negative,
6599,1,0,label_noise_corrected,dynamic_attack_negative,
6600,1,0,label_noise_corrected,dynamic_attack_negative,
6602,1,0,label_noise_corrected,dynamic_attack_negative,
6623,1,0,label_noise_corrected,dynamic_attack_negative,
6625,1,0,label_noise_corrected,dynamic_attack_negative,
6626,1,0,label_noise_corrected,dynamic_attack_negative,
6631,1,0,label_noise_corrected,dynamic_attack_negative,
6634,1,0,label_noise_corrected,dynamic_attack_negative,
6636,1,0,label_noise_corrected,dynamic_attack_negative,
6645,1,0,label_noise_corrected,dynamic_attack_negative,
66477,0,1,cross_corpus_conflict_resolved,dynamic_confirmed,bigvul:186995
6726,1,0,label_noise_corrected,dynamic_attack_negative,
6743,1,0,label_noise_corrected,dynamic_attack_negative,
6770,1,0,label_noise_corrected,dynamic_attack_negative,
6777,1,0,label_noise_corrected,dynamic_attack_negative,
6783,1,0,label_noise_corrected,dynamic_attack_negative,
6785,1,0,label_noise_corrected,dynamic_attack_negative,
687,1,0,label_noise_corrected,dynamic_attack_negative,
692,1,0,label_noise_corrected,dynamic_attack_negative,
6920,1,0,label_noise_corrected,dynamic_attack_negative,
6922,1,0,label_noise_corrected,dynamic_attack_negative,
6923,1,0,label_noise_corrected,dynamic_attack_negative,
6926,1,0,label_noise_corrected,dynamic_attack_negative,
6929,1,0,label_noise_corrected,dynamic_attack_negative,
6931,1,0,label_noise_corrected,dynamic_attack_negative,
6933,1,0,label_noise_corrected,dynamic_attack_negative,
6935,1,0,label_noise_corrected,dynamic_attack_negative,
6938,1,0,label_noise_corrected,dynamic_attack_negative,
6949,1,0,label_noise_corrected,dynamic_attack_negative,
6950,1,0,label_noise_corrected,dynamic_attack_negative,
6952,1,0,label_noise_corrected,dynamic_attack_negative,
69542,0,1,cross_corpus_conflict_resolved,dynamic_confirmed,diversevul:7535_c3f237fa6e03
6956,1,0,label_noise_corrected,dynamic_attack_negative,
6957,1,0,label_noise_corrected,dynamic_attack_negative,
6958,1,0,label_noise_corrected,dynamic_attack_negative,
6959,1,0,label_noise_corrected,dynamic_attack_negative,
697,1,0,label_noise_corrected,dynamic_attack_negative,
698,1,0,label_noise_corrected,dynamic_attack_negative,
699,1,0,label_noise_corrected,dynamic_attack_negative,
701,1,0,label_noise_corrected,dynamic_attack_negative,
70223,0,1,cross_corpus_conflict_resolved,dynamic_confirmed,diversevul:3253_109a15e06eec
70224,0,1,cross_corpus_conflict_resolved,dynamic_confirmed,diversevul:3255_f3fb4594ec6b
70230,0,1,cross_corpus_conflict_resolved,dynamic_confirmed,diversevul:3249_3a0c6293c2e4
70233,0,1,cross_corpus_conflict_resolved,dynamic_confirmed,diversevul:3244_36e0338c4a43
70235,0,1,cross_corpus_conflict_resolved,dynamic_confirmed,diversevul:3260_537cc8f5d5b5
70242,0,1,cross_corpus_conflict_resolved,dynamic_confirmed,diversevul:3262_13bb4d6cd7de
7031,1,0,label_noise_corrected,dynamic_attack_negative,
7032,1,0,label_noise_corrected,dynamic_attack_negative,
7034,1,0,label_noise_corrected,dynamic_attack_negative,
7035,1,0,label_noise_corrected,dynamic_attack_negative,
7037,1,0,label_noise_corrected,dynamic_attack_negative,
712,1,0,label_noise_corrected,dynamic_attack_negative,
7124,1,0,label_noise_corrected,dynamic_attack_negative,
713,1,0,label_noise_corrected,dynamic_attack_negative,
714,1,0,label_noise_corrected,dynamic_attack_negative,
715,1,0,label_noise_corrected,dynamic_attack_negative,
717,1,0,label_noise_corrected,dynamic_attack_negative,
71874,0,1,cross_corpus_conflict_resolved,dynamic_confirmed,primevul:10737
719,1,0,label_noise_corrected,dynamic_attack_negative,
7207,1,0,label_noise_corrected,dynamic_attack_negative,
7257,1,0,label_noise_corrected,dynamic_attack_negative,
7271,1,0,label_noise_corrected,dynamic_attack_negative,
7306,1,0,label_noise_corrected,dynamic_attack_negative,
7307,1,0,label_noise_corrected,dynamic_attack_negative,
7308,1,0,label_noise_corrected,dynamic_attack_negative,
734,1,0,label_noise_corrected,dynamic_attack_negative,
735,1,0,label_noise_corrected,dynamic_attack_negative,
736,1,0,label_noise_corrected,dynamic_attack_negative,
7364,1,0,label_noise_corrected,dynamic_attack_negative,
7365,1,0,label_noise_corrected,dynamic_attack_negative,
7366,1,0,label_noise_corrected,dynamic_attack_negative,
7369,1,0,label_noise_corrected,dynamic_attack_negative,
737,1,0,label_noise_corrected,dynamic_attack_negative,
738,1,0,label_noise_corrected,dynamic_attack_negative,
7399,1,0,label_noise_corrected,dynamic_attack_negative,
740,1,0,label_noise_corrected,dynamic_attack_negative,
7476,1,0,label_noise_corrected,dynamic_attack_negative,
7477,1,0,label_noise_corrected,dynamic_attack_negative,
7478,1,0,label_noise_corrected,dynamic_attack_negative,
7481,1,0,label_noise_corrected,dynamic_attack_negative,
7486,1,0,label_noise_corrected,dynamic_attack_negative,
7490,1,0,label_noise_corrected,dynamic_attack_negative,
7517,1,0,label_noise_corrected,dynamic_attack_negative,
7521,1,0,label_noise_corrected,dynamic_attack_negative,
75638,0,1,cross_corpus_conflict_resolved,dynamic_confirmed,diversevul:3654_faedfdb61ce1
7582,1,0,label_noise_corrected,dynamic_attack_negative,
7583,1,0,label_noise_corrected,dynamic_attack_negative,
7585,1,0,label_noise_corrected,dynamic_attack_negative,
7586,1,0,label_noise_corrected,dynamic_attack_negative,
7599,1,0,label_noise_corrected,dynamic_attack_negative,
7607,1,0,label_noise_corrected,dynamic_attack_negative,
7608,1,0,label_noise_corrected,dynamic_attack_negative,
7609,1,0,label_noise_corrected,dynamic_attack_negative,
7610,1,0,label_noise_corrected,dynamic_attack_negative,
7611,1,0,label_noise_corrected,dynamic_attack_negative,
7612,1,0,label_noise_corrected,dynamic_attack_negative,
7613,1,0,label_noise_corrected,dynamic_attack_negative,
7615,1,0,label_noise_corrected,dynamic_attack_negative,
7649,1,0,label_noise_corrected,dynamic_attack_negative,
7651,1,0,label_noise_corrected,dynamic_attack_negative,
7654,1,0,label_noise_corrected,dynamic_attack_negative,
7655,1,0,label_noise_corrected,dynamic_attack_negative,
7656,1,0,label_noise_corrected,dynamic_attack_negative,
7657,1,0,label_noise_corrected,dynamic_attack_negative,
7658,1,0,label_noise_corrected,dynamic_attack_negative,
7659,1,0,label_noise_corrected,dynamic_attack_negative,
7660,1,0,label_noise_corrected,dynamic_attack_negative,
7661,1,0,label_noise_corrected,dynamic_attack_negative,
7662,1,0,label_noise_corrected,dynamic_attack_negative,
7663,1,0,label_noise_corrected,dynamic_attack_negative,
7664,1,0,label_noise_corrected,dynamic_attack_negative,
7666,1,0,label_noise_corrected,dynamic_attack_negative,
7692,1,0,label_noise_corrected,dynamic_attack_negative,
7705,1,0,label_noise_corrected,dynamic_attack_negative,
7706,1,0,label_noise_corrected,dynamic_attack_negative,
7707,1,0,label_noise_corrected,dynamic_attack_negative,
7709,1,0,label_noise_corrected,dynamic_attack_negative,
7710,1,0,label_noise_corrected,dynamic_attack_negative,
7711,1,0,label_noise_corrected,dynamic_attack_negative,
7712,1,0,label_noise_corrected,dynamic_attack_negative,
7713,1,0,label_noise_corrected,dynamic_attack_negative,
7714,1,0,label_noise_corrected,dynamic_attack_negative,
7730,1,0,label_noise_corrected,dynamic_attack_negative,
7743,1,0,label_noise_corrected,dynamic_attack_negative,
7780,1,0,label_noise_corrected,dynamic_attack_negative,
7782,1,0,label_noise_corrected,dynamic_attack_negative,
7791,1,0,label_noise_corrected,dynamic_attack_negative,
7794,1,0,label_noise_corrected,dynamic_attack_negative,
7795,1,0,label_noise_corrected,dynamic_attack_negative,
7796,1,0,label_noise_corrected,dynamic_attack_negative,
7804,1,0,label_noise_corrected,dynamic_attack_negative,
7808,1,0,label_noise_corrected,dynamic_attack_negative,
7811,1,0,label_noise_corrected,dynamic_attack_negative,
7817,1,0,label_noise_corrected,dynamic_attack_negative,
7818,1,0,label_noise_corrected,dynamic_attack_negative,
7819,1,0,label_noise_corrected,dynamic_attack_negative,
7823,1,0,label_noise_corrected,dynamic_attack_negative,
7824,1,0,label_noise_corrected,dynamic_attack_negative,
7829,1,0,label_noise_corrected,dynamic_attack_negative,
7830,1,0,label_noise_corrected,dynamic_attack_negative,
7833,1,0,label_noise_corrected,dynamic_attack_negative,
7835,1,0,label_noise_corrected,dynamic_attack_negative,
7838,1,0,label_noise_corrected,dynamic_attack_negative,
7839,1,0,label_noise_corrected,dynamic_attack_negative,
7841,1,0,label_noise_corrected,dynamic_attack_negative,
7842,1,0,label_noise_corrected,dynamic_attack_negative,
7844,1,0,label_noise_corrected,dynamic_attack_negative,
7845,1,0,label_noise_corrected,dynamic_attack_negative,
7846,1,0,label_noise_corrected,dynamic_attack_negative,
7847,1,0,label_noise_corrected,dynamic_attack_negative,
785,1,0,label_noise_corrected,dynamic_attack_negative,
786,1,0,label_noise_corrected,dynamic_attack_negative,
787,1,0,label_noise_corrected,dynamic_attack_negative,
7870,1,0,label_noise_corrected,dynamic_attack_negative,
7876,1,0,label_noise_corrected,dynamic_attack_negative,
788,1,0,label_noise_corrected,dynamic_attack_negative,
7897,1,0,label_noise_corrected,dynamic_attack_negative,
7899,1,0,label_noise_corrected,dynamic_attack_negative,
7901,1,0,label_noise_corrected,dynamic_attack_negative,
79138,0,1,cross_corpus_conflict_resolved,dynamic_confirmed,bigvul:181626
7915,1,0,label_noise_corrected,dynamic_attack_negative,
7960,1,0,label_noise_corrected,dynamic_attack_negative,
7964,1,0,label_noise_corrected,dynamic_attack_negative,
7970,1,0,label_noise_corrected,dynamic_attack_negative,
8024,1,0,label_noise_corrected,dynamic_attack_negative,
80291,0,1,cross_corpus_conflict_resolved,dynamic_confirmed,bigvul:181961
8036,1,0,label_noise_corrected,dynamic_attack_negative,
8039,1,0,label_noise_corrected,dynamic_attack_negative,
80402,0,1,cross_corpus_conflict_resolved,dynamic_confirmed,bigvul:180648
8049,1,0,label_noise_corrected,dynamic_attack_negative,
8050,1,0,label_noise_corrected,dynamic_attack_negative,
8051,1,0,label_noise_corrected,dynamic_attack_negative,
8053,1,0,label_noise_corrected,dynamic_attack_negative,
8055,1,0,label_noise_corrected,dynamic_attack_negative,
8056,1,0,label_noise_corrected,dynamic_attack_negative,
8057,1,0,label_noise_corrected,dynamic_attack_negative,
8058,1,0,label_noise_corrected,dynamic_attack_negative,
8061,1,0,label_noise_corrected,dynamic_attack_negative,
8062,1,0,label_noise_corrected,dynamic_attack_negative,
8063,1,0,label_noise_corrected,dynamic_attack_negative,
8064,1,0,label_noise_corrected,dynamic_attack_negative,
8069,1,0,label_noise_corrected,dynamic_attack_negative,
8075,1,0,label_noise_corrected,dynamic_attack_negative,
8180,1,0,label_noise_corrected,dynamic_attack_negative,
8194,1,0,label_noise_corrected,dynamic_attack_negative,
8195,1,0,label_noise_corrected,dynamic_attack_negative,
8197,1,0,label_noise_corrected,dynamic_attack_negative,
8205,1,0,label_noise_corrected,dynamic_attack_negative,
8214,1,0,label_noise_corrected,dynamic_attack_negative,
8230,1,0,label_noise_corrected,dynamic_attack_negative,
8244,1,0,label_noise_corrected,dynamic_attack_negative,
8245,1,0,label_noise_corrected,dynamic_attack_negative,
8271,1,0,label_noise_corrected,dynamic_attack_negative,
8331,1,0,label_noise_corrected,dynamic_attack_negative,
8467,1,0,label_noise_corrected,dynamic_attack_negative,
8468,1,0,label_noise_corrected,dynamic_attack_negative,
8470,1,0,label_noise_corrected,dynamic_attack_negative,
84783,0,1,cross_corpus_conflict_resolved,dynamic_confirmed,diversevul:4316_43557b857c1c
84790,0,1,cross_corpus_conflict_resolved,dynamic_confirmed,diversevul:4320_410e33c54383
84804,0,1,cross_corpus_conflict_resolved,dynamic_confirmed,diversevul:4297_75568fbdf61e
84808,0,1,cross_corpus_conflict_resolved,dynamic_confirmed,diversevul:4319_a0875783ca0c
8624,1,0,label_noise_corrected,dynamic_attack_negative,
8625,1,0,label_noise_corrected,dynamic_attack_negative,
8628,1,0,label_noise_corrected,dynamic_attack_negative,
8643,1,0,label_noise_corrected,dynamic_attack_negative,
8644,1,0,label_noise_corrected,dynamic_attack_negative,
8645,1,0,label_noise_corrected,dynamic_attack_negative,
8647,1,0,label_noise_corrected,dynamic_attack_negative,
8678,1,0,label_noise_corrected,dynamic_attack_negative,
8683,1,0,label_noise_corrected,dynamic_attack_negative,
8692,1,0,label_noise_corrected,dynamic_attack_negative,
8693,1,0,label_noise_corrected,dynamic_attack_negative,
8705,1,0,label_noise_corrected,dynamic_attack_negative,
8710,1,0,label_noise_corrected,dynamic_attack_negative,
8719,1,0,label_noise_corrected,dynamic_attack_negative,
8720,1,0,label_noise_corrected,dynamic_attack_negative,
8721,1,0,label_noise_corrected,dynamic_attack_negative,
8722,1,0,label_noise_corrected,dynamic_attack_negative,
8723,1,0,label_noise_corrected,dynamic_attack_negative,
8724,1,0,label_noise_corrected,dynamic_attack_negative,
8726,1,0,label_noise_corrected,dynamic_attack_negative,
8728,1,0,label_noise_corrected,dynamic_attack_negative,
8730,1,0,label_noise_corrected,dynamic_attack_negative,
8734,1,0,label_noise_corrected,dynamic_attack_negative,
8735,1,0,label_noise_corrected,dynamic_attack_negative,
8740,1,0,label_noise_corrected,dynamic_attack_negative,
8743,1,0,label_noise_corrected,dynamic_attack_negative,
8745,1,0,label_noise_corrected,dynamic_attack_negative,
8771,1,0,label_noise_corrected,dynamic_attack_negative,
8784,1,0,label_noise_corrected,dynamic_attack_negative,
8789,1,0,label_noise_corrected,dynamic_attack_negative,
87898,0,1,cross_corpus_conflict_resolved,dynamic_confirmed,primevul:195066
8793,1,0,label_noise_corrected,dynamic_attack_negative,
8796,1,0,label_noise_corrected,dynamic_attack_negative,
8798,1,0,label_noise_corrected,dynamic_attack_negative,
8802,1,0,label_noise_corrected,dynamic_attack_negative,
8820,1,0,label_noise_corrected,dynamic_attack_negative,
8893,1,0,label_noise_corrected,dynamic_attack_negative,
8899,1,0,label_noise_corrected,dynamic_attack_negative,
8925,1,0,label_noise_corrected,dynamic_attack_negative,
89295,0,1,cross_corpus_conflict_resolved,dynamic_confirmed,bigvul:181871
8934,1,0,label_noise_corrected,dynamic_attack_negative,
8935,1,0,label_noise_corrected,dynamic_attack_negative,
8936,1,0,label_noise_corrected,dynamic_attack_negative,
8937,1,0,label_noise_corrected,dynamic_attack_negative,
89452,0,1,cross_corpus_conflict_resolved,dynamic_confirmed,diversevul:4862_b0a9ab2523cf
90215,0,1,cross_corpus_conflict_resolved,dynamic_confirmed,diversevul:4794_56f09e6c5c43
9067,1,0,label_noise_corrected,dynamic_attack_negative,
9068,1,0,label_noise_corrected,dynamic_attack_negative,
9070,1,0,label_noise_corrected,dynamic_attack_negative,
9071,1,0,label_noise_corrected,dynamic_attack_negative,
9072,1,0,label_noise_corrected,dynamic_attack_negative,
9073,1,0,label_noise_corrected,dynamic_attack_negative,
9074,1,0,label_noise_corrected,dynamic_attack_negative,
9075,1,0,label_noise_corrected,dynamic_attack_negative,
9076,1,0,label_noise_corrected,dynamic_attack_negative,
9077,1,0,label_noise_corrected,dynamic_attack_negative,
9078,1,0,label_noise_corrected,dynamic_attack_negative,
9079,1,0,label_noise_corrected,dynamic_attack_negative,
9080,1,0,label_noise_corrected,dynamic_attack_negative,
9109,1,0,label_noise_corrected,dynamic_attack_negative,
9156,1,0,label_noise_corrected,dynamic_attack_negative,
9164,1,0,label_noise_corrected,dynamic_attack_negative,
9166,1,0,label_noise_corrected,dynamic_attack_negative,
9169,1,0,label_noise_corrected,dynamic_attack_negative,
9173,1,0,label_noise_corrected,dynamic_attack_negative,
9175,1,0,label_noise_corrected,dynamic_attack_negative,
9176,1,0,label_noise_corrected,dynamic_attack_negative,
9177,1,0,label_noise_corrected,dynamic_attack_negative,
9188,1,0,label_noise_corrected,dynamic_attack_negative,
9210,1,0,label_noise_corrected,dynamic_attack_negative,
9213,1,0,label_noise_corrected,dynamic_attack_negative,
9214,1,0,label_noise_corrected,dynamic_attack_negative,
9216,1,0,label_noise_corrected,dynamic_attack_negative,
9219,1,0,label_noise_corrected,dynamic_attack_negative,
9221,1,0,label_noise_corrected,dynamic_attack_negative,
9247,1,0,label_noise_corrected,dynamic_attack_negative,
9248,1,0,label_noise_corrected,dynamic_attack_negative,
9249,1,0,label_noise_corrected,dynamic_attack_negative,
9282,1,0,label_noise_corrected,dynamic_attack_negative,
933,1,0,label_noise_corrected,dynamic_attack_negative,
9333,1,0,label_noise_corrected,dynamic_attack_negative,
9336,1,0,label_noise_corrected,dynamic_attack_negative,
934,1,0,label_noise_corrected,dynamic_attack_negative,
9343,1,0,label_noise_corrected,dynamic_attack_negative,
9344,1,0,label_noise_corrected,dynamic_attack_negative,
9345,1,0,label_noise_corrected,dynamic_attack_negative,
9346,1,0,label_noise_corrected,dynamic_attack_negative,
9347,1,0,label_noise_corrected,dynamic_attack_negative,
9349,1,0,label_noise_corrected,dynamic_attack_negative,
9350,1,0,label_noise_corrected,dynamic_attack_negative,
9353,1,0,label_noise_corrected,dynamic_attack_negative,
9368,1,0,label_noise_corrected,dynamic_attack_negative,
9371,1,0,label_noise_corrected,dynamic_attack_negative,
9372,1,0,label_noise_corrected,dynamic_attack_negative,
9381,1,0,label_noise_corrected,dynamic_attack_negative,
93999,0,1,cross_corpus_conflict_resolved,dynamic_confirmed,primevul:195342
9469,1,0,label_noise_corrected,dynamic_attack_negative,
9492,1,0,label_noise_corrected,dynamic_attack_negative,
9542,1,0,label_noise_corrected,dynamic_attack_negative,
9543,1,0,label_noise_corrected,dynamic_attack_negative,
9544,1,0,label_noise_corrected,dynamic_attack_negative,
9545,1,0,label_noise_corrected,dynamic_attack_negative,
9546,1,0,label_noise_corrected,dynamic_attack_negative,
9547,1,0,label_noise_corrected,dynamic_attack_negative,
9548,1,0,label_noise_corrected,dynamic_attack_negative,
9549,1,0,label_noise_corrected,dynamic_attack_negative,
9550,1,0,label_noise_corrected,dynamic_attack_negative,
9551,1,0,label_noise_corrected,dynamic_attack_negative,
9552,1,0,label_noise_corrected,dynamic_attack_negative,
9553,1,0,label_noise_corrected,dynamic_attack_negative,
9554,1,0,label_noise_corrected,dynamic_attack_negative,
9556,1,0,label_noise_corrected,dynamic_attack_negative,
9557,1,0,label_noise_corrected,dynamic_attack_negative,
9558,1,0,label_noise_corrected,dynamic_attack_negative,
9559,1,0,label_noise_corrected,dynamic_attack_negative,
9561,1,0,label_noise_corrected,dynamic_attack_negative,
9562,1,0,label_noise_corrected,dynamic_attack_negative,
9563,1,0,label_noise_corrected,dynamic_attack_negative,
9564,1,0,label_noise_corrected,dynamic_attack_negative,
9565,1,0,label_noise_corrected,dynamic_attack_negative,
9566,1,0,label_noise_corrected,dynamic_attack_negative,
9567,1,0,label_noise_corrected,dynamic_attack_negative,
9568,1,0,label_noise_corrected,dynamic_attack_negative,
9569,1,0,label_noise_corrected,dynamic_attack_negative,
9570,1,0,label_noise_corrected,dynamic_attack_negative,
9571,1,0,label_noise_corrected,dynamic_attack_negative,
9572,1,0,label_noise_corrected,dynamic_attack_negative,
9573,1,0,label_noise_corrected,dynamic_attack_negative,
9574,1,0,label_noise_corrected,dynamic_attack_negative,
9575,1,0,label_noise_corrected,dynamic_attack_negative,
9576,1,0,label_noise_corrected,dynamic_attack_negative,
9577,1,0,label_noise_corrected,dynamic_attack_negative,
9578,1,0,label_noise_corrected,dynamic_attack_negative,
9579,1,0,label_noise_corrected,dynamic_attack_negative,
9580,1,0,label_noise_corrected,dynamic_attack_negative,
9581,1,0,label_noise_corrected,dynamic_attack_negative,
9582,1,0,label_noise_corrected,dynamic_attack_negative,
9583,1,0,label_noise_corrected,dynamic_attack_negative,
9626,1,0,label_noise_corrected,dynamic_attack_negative,
9627,1,0,label_noise_corrected,dynamic_attack_negative,
9628,1,0,label_noise_corrected,dynamic_attack_negative,
966,1,0,label_noise_corrected,dynamic_attack_negative,
9786,1,0,label_noise_corrected,dynamic_attack_negative,
9798,1,0,label_noise_corrected,dynamic_attack_negative,
9805,1,0,label_noise_corrected,dynamic_attack_negative,
98450,0,1,cross_corpus_conflict_resolved,dynamic_confirmed,diversevul:5379_1f47e4b626b8
9850,1,0,label_noise_corrected,dynamic_attack_negative,
9879,1,0,label_noise_corrected,dynamic_attack_negative,
9883,1,0,label_noise_corrected,dynamic_attack_negative,
9885,1,0,label_noise_corrected,dynamic_attack_negative,
9887,1,0,label_noise_corrected,dynamic_attack_negative,
9888,1,0,label_noise_corrected,dynamic_attack_negative,
9903,1,0,label_noise_corrected,dynamic_attack_negative,
9914,1,0,label_noise_corrected,dynamic_attack_negative,
9926,1,0,label_noise_corrected,dynamic_attack_negative,
9932,1,0,label_noise_corrected,dynamic_attack_negative,
9934,1,0,label_noise_corrected,dynamic_attack_negative,
9937,1,0,label_noise_corrected,dynamic_attack_negative,
9950,1,0,label_noise_corrected,dynamic_attack_negative,
9978,1,0,label_noise_corrected,dynamic_attack_negative,
9979,1,0,label_noise_corrected,dynamic_attack_negative,
9981,1,0,label_noise_corrected,dynamic_attack_negative,
9982,1,0,label_noise_corrected,dynamic_attack_negative,
9984,1,0,label_noise_corrected,dynamic_attack_negative,
9986,1,0,label_noise_corrected,dynamic_attack_negative,
