sample_index,released_vul,corrected_vul,change,evidence,outranked_by_id,shared_norm_sha1
33,0,1,cross_corpus_conflict_resolved,dynamic_confirmed,diversevul:439_0c3e29bdaadf,f8fd9e5ff32ac84148bb13ed4abd2fa91d766f59
42,0,1,cross_corpus_conflict_resolved,dynamic_confirmed,diversevul:3260_537cc8f5d5b5,97845bc1c7c81f81360a15c3cdb2e8e57dc888df
56,0,1,cross_corpus_conflict_resolved,dynamic_confirmed,diversevul:3249_3a0c6293c2e4,e2793bc4672e3650892ee24299eb6df800c9dde4
59,0,1,cross_corpus_conflict_resolved,dynamic_confirmed,diversevul:3244_36e0338c4a43,dcdb62d7118aeeaf119aad681ce35d7e407a8907
60,0,1,cross_corpus_conflict_resolved,dynamic_confirmed,diversevul:3252_289e438baed8,35d903511c859261bacd052f2affd37c910e4b2f
61,0,1,cross_corpus_conflict_resolved,dynamic_confirmed,diversevul:3246_c6743494779f,e2aaf0265b5d0627185a57967d731eeb50fa393c
65,0,1,cross_corpus_conflict_resolved,dynamic_confirmed,diversevul:3255_f3fb4594ec6b,e93342172500b002ad0615d4c727d62595c10803
80,0,1,cross_corpus_conflict_resolved,dynamic_confirmed,diversevul:17985_9d7f25afc975,bc13cd52f4e7747b7604db59ffb183de87688a64
660,0,1,cross_corpus_conflict_resolved,dynamic_confirmed,diversevul:7574_cab506971a34,b7dbae0ac78ff05f2fe0251f094e7d0918721d48
1225,0,1,cross_corpus_conflict_resolved,dynamic_confirmed,bigvul:177773,94fdab33137b76527edeef8e4592ca6732b616c2
1493,0,1,cross_corpus_conflict_resolved,dynamic_confirmed,diversevul:10990_081bec7ad734,baf50c76c66dda5b49e24ee8828d1f97c62cd524
1640,0,1,cross_corpus_conflict_resolved,dynamic_confirmed,diversevul:6219_0339a71c0dc9,cf5572927088596b28dd0d336b1418dc80004dd8
2022,0,1,cross_corpus_conflict_resolved,dynamic_confirmed,primevul:200414,a6c657930c01d764cea73f1b58e232c8bbf92876
2234,0,1,cross_corpus_conflict_resolved,dynamic_confirmed,bigvul:178211,e019fba8b65e753d8550cc3f1c7c162d3e224ff0
2338,0,1,cross_corpus_conflict_resolved,dynamic_confirmed,diversevul:3459_c6c1b1fe3ce8,afd4981f11aa60ecd3c9ce8c9ab84425842f3ea4
3097,0,1,cross_corpus_conflict_resolved,dynamic_confirmed,diversevul:7499_465e0e006ac8,8b05d08ef75223048272a4d2838685ee8753802a
3099,0,1,cross_corpus_conflict_resolved,dynamic_confirmed,diversevul:7503_efe2f3cccb1e,3b716fe6e85c8dcb79aa4b419820c1b435c77681
3522,0,1,cross_corpus_conflict_resolved,dynamic_confirmed,diversevul:16382_7c6515aa6f79,e73a346a10c06243695fbfd0842e564098c523e2
3607,0,1,cross_corpus_conflict_resolved,dynamic_confirmed,diversevul:18452_7dc72d6e3c4c,e16b07a608a3f5921797fb7d0b49aee3a6eb734f
3861,0,1,cross_corpus_conflict_resolved,dynamic_confirmed,diversevul:10973_387afd2e2966,c36bc65671bd34b3d715fa6aae21468b3c05c664
3889,0,1,cross_corpus_conflict_resolved,dynamic_confirmed,diversevul:5658_39e34d46da11,f961ddd4cfeb016ceaeba18324cf5a3f448f43fe
4112,0,1,cross_corpus_conflict_resolved,dynamic_confirmed,primevul:10760,3e1e86d4babdd7cfc8280df439b2cb3f1662474e
4141,0,1,cross_corpus_conflict_resolved,dynamic_confirmed,primevul:10774,49b6cf53f5bcf6723b5fbef06100f216677bd0df
4254,0,1,cross_corpus_conflict_resolved,dynamic_confirmed,diversevul:2978_626e16366b36,473f81a199cd01e3daafa76e1fd6830eb5dfb545
4418,0,1,cross_corpus_conflict_resolved,dynamic_confirmed,diversevul:3776_127b5f683511,de35a8c4087995ac87c10eeb60f8c10948372673
4425,0,1,cross_corpus_conflict_resolved,dynamic_confirmed,diversevul:6753_93007400c73a,b30a027b1ef53edc0b93a1fd48d15eec9ab63e83
4426,0,1,cross_corpus_conflict_resolved,dynamic_confirmed,diversevul:6752_d5486fe9e038,4cb1abca4c6ca6c281a7323702b9658977d146ce
4641,0,1,cross_corpus_conflict_resolved,dynamic_confirmed,primevul:199700,f3e11c3d26a238ae2f630e01c05ecc3907ef2866
4776,0,1,cross_corpus_conflict_resolved,dynamic_confirmed,bigvul:178156,63720b8af6542eee11db806f98b9890583359099
5283,0,1,cross_corpus_conflict_resolved,dynamic_confirmed,bigvul:178573,3893538d72d0891cb238e7ea935806954327aaef
5538,0,1,cross_corpus_conflict_resolved,dynamic_confirmed,diversevul:5853_494411a09d6e,e9deb2a3fbae5fe6ad731d21cfdc44ed23a0dd57
5591,0,1,cross_corpus_conflict_resolved,dynamic_confirmed,diversevul:5855_5e7ea6edd9e4,7849b6a9225d0c0f15dc0b46ab853a1c9687f3df
5593,0,1,cross_corpus_conflict_resolved,dynamic_confirmed,diversevul:5854_2d7cc2f9e2fc,8d0f61eea8a1390aa4c153e20714144c032492fd
5595,0,1,cross_corpus_conflict_resolved,dynamic_confirmed,bigvul:177954,682612d45927885fce8a6a150f40cdbcaf49d4e1
5597,0,1,cross_corpus_conflict_resolved,dynamic_confirmed,bigvul:177961,1bfc00e0c65a4b03f727dd53e5d9b67507758a4d
5611,0,1,cross_corpus_conflict_resolved,dynamic_confirmed,diversevul:18043_11c57e12a7e5,d8806a3fa295fe1bf7066b5a3989620eabad595b
5630,0,1,cross_corpus_conflict_resolved,dynamic_confirmed,bigvul:178645,5aadac630ea41966efe2daef141b091a2bc64f76
5936,0,1,cross_corpus_conflict_resolved,dynamic_confirmed,diversevul:5322_3527240b4a03,ba1470e96f440239aa2130f2e7182fb85f47644d
6176,0,1,cross_corpus_conflict_resolved,dynamic_confirmed,diversevul:18253_469882b4e727,030611ab04eed3691623e969c67399c505383400
6181,0,1,cross_corpus_conflict_resolved,dynamic_confirmed,diversevul:1582_850d783859d5,5e6660610bed12b4b1b9c393611529143c7f5f9c
6194,0,1,cross_corpus_conflict_resolved,dynamic_confirmed,diversevul:18547_452b89f7cf25,64c38fec33b7359fb3bc6be25ef900d9e57d9c43
6393,0,1,cross_corpus_conflict_resolved,dynamic_confirmed,diversevul:3226_021367b6faef,06b23ab1c2f4f64a8aded8aefc8d65682c10d9f7
6404,0,1,cross_corpus_conflict_resolved,dynamic_confirmed,diversevul:5176_a1a5be224b20,5fd42e80c8a1e7c5e961d477bf338c9e0a91a2f6
6412,0,1,cross_corpus_conflict_resolved,dynamic_confirmed,diversevul:771_c6fd2147b55d,a1b51a1eb050860a31a01d27551a727fc47128db
6472,0,1,cross_corpus_conflict_resolved,dynamic_confirmed,diversevul:18079_6bf16e05fd3c,a4af716d43b502246838167e935f42530f28f4db
6484,0,1,cross_corpus_conflict_resolved,dynamic_confirmed,bigvul:177892,768996ba1be73fd7fa43308f71795ecf08212752
7558,0,1,cross_corpus_conflict_resolved,dynamic_confirmed,diversevul:3213_77e2146b9423,28d4799447fb059a2b666209d427865e71c19c8c
7941,0,1,cross_corpus_conflict_resolved,dynamic_confirmed,diversevul:14514_1a59a9f20e2d,3dddd439b86b06603944fde34944938df4d58e6a
8087,0,1,cross_corpus_conflict_resolved,dynamic_confirmed,diversevul:18586_34a9ebb36c77,a64171edad836f4a4cc84c378b68f8e7715d0a66
8187,0,1,cross_corpus_conflict_resolved,dynamic_confirmed,bigvul:178068,bcd3830887b033359210b8ec2c569a7f80ff883f
8196,0,1,cross_corpus_conflict_resolved,dynamic_confirmed,bigvul:178078,e8d0214f0925b0a2aecff8809b7991681f0c2f83
8247,0,1,cross_corpus_conflict_resolved,dynamic_confirmed,diversevul:4969_6a048c0d4e0d,fce504ab24773b63bc3544e57794d67b23a8ed47
8361,0,1,cross_corpus_conflict_resolved,dynamic_confirmed,diversevul:10934_ec92fdf85d7f,f9d4e268ba07db1a3b0f0b0665f87e685c840164
8947,0,1,cross_corpus_conflict_resolved,dynamic_confirmed,bigvul:178130,cabb260f52d64af421c0868743463d64d11db3c5
8948,0,1,cross_corpus_conflict_resolved,dynamic_confirmed,primevul:9138,9f6c0ca3f317bac1cbb456caba26a4abf4ff2973
8949,0,1,cross_corpus_conflict_resolved,dynamic_confirmed,bigvul:178131,049d17c7c2e4b600d32cc68c67ef2d003f2040a8
8951,0,1,cross_corpus_conflict_resolved,dynamic_confirmed,diversevul:10128_200469a2cd9b,0328f51a37f392d89d354601f7070a501104bdbe
8968,0,1,cross_corpus_conflict_resolved,dynamic_confirmed,diversevul:11053_80f997e0a602,53719338f253ba79c4deca0430c61d34d7403a90
9148,0,1,cross_corpus_conflict_resolved,dynamic_confirmed,diversevul:4582_8da88d46a5cd,dba15972d74d07c2cedfe53e24da128caa9218c0
9559,0,1,cross_corpus_conflict_resolved,dynamic_confirmed,bigvul:180356,b07825dc89735b339bc9499b6e61cbc6d13a660f
9569,0,1,cross_corpus_conflict_resolved,dynamic_confirmed,diversevul:4128_f74fc733e4b5,9de5605d846dbe8609780da12ef9426bec7f1c76
9570,0,1,cross_corpus_conflict_resolved,dynamic_confirmed,bigvul:180365,6a9392deae1aee10b869f9ee28706acffbbce16f
9571,0,1,cross_corpus_conflict_resolved,dynamic_confirmed,bigvul:180366,9669637729f25c106e32d0411070a547b3ce724a
9572,0,1,cross_corpus_conflict_resolved,dynamic_confirmed,diversevul:3226_021367b6faef,06b23ab1c2f4f64a8aded8aefc8d65682c10d9f7
9609,0,1,cross_corpus_conflict_resolved,dynamic_confirmed,bigvul:180131,b7905ea158d58e327d01c5b034ed26b267ef2965
10541,0,1,cross_corpus_conflict_resolved,dynamic_confirmed,bigvul:178100,c9d32ae98852c16a85058662e21ff25153c28d3a
10840,0,1,cross_corpus_conflict_resolved,dynamic_confirmed,diversevul:18003_bc7dec81e049,10244ffaace3ee01927743aa571574145af80ba0
10949,0,1,cross_corpus_conflict_resolved,dynamic_confirmed,diversevul:4467_5c0c5bdd0f3f,daebe100aa5b385b7c4dfbfe54ee826b185061e8
10956,0,1,cross_corpus_conflict_resolved,dynamic_confirmed,diversevul:3236_c73bc6003898,46531d1e1ea74b289771fd83eea37413f97c899b
10958,0,1,cross_corpus_conflict_resolved,dynamic_confirmed,diversevul:7080_9a091eb5c0cc,6c830a6655ee027460490e2ced5bb2bffb3e39db
12325,0,1,cross_corpus_conflict_resolved,dynamic_confirmed,bigvul:181842,d2955907d004d6564cf7f173a8d61c8856674b9a
12328,0,1,cross_corpus_conflict_resolved,dynamic_confirmed,bigvul:180108,1934863f25ea38a2d0ba6617bb3e60b449b55d5a
12329,0,1,cross_corpus_conflict_resolved,dynamic_confirmed,diversevul:3170_b6fd481d9c17,d2185a493e346406bedceee96932d399e38dafaf
12341,0,1,cross_corpus_conflict_resolved,dynamic_confirmed,diversevul:3166_c6254234306e,26d92b592ab8ab0bf48a41d1606a9dfaf82e0ba2
12369,0,1,cross_corpus_conflict_resolved,dynamic_confirmed,diversevul:3172_4efb1c5abef2,d4a451c08396ffdaad8a099bb57d5274b7b89cb4
12385,0,1,cross_corpus_conflict_resolved,dynamic_confirmed,diversevul:3188_be175402f74e,f3005d50cb805cefedfe0ec2a375d7f6726a62e7
12437,0,1,cross_corpus_conflict_resolved,dynamic_confirmed,diversevul:2965_c977671ff211,8fd49221b49facc3ae224e19f55eb6d61a9272b7
12463,0,1,cross_corpus_conflict_resolved,dynamic_confirmed,bigvul:178195,6ce1eda4808c6b3f85a4a97cf9e289c74f1035aa
12504,0,1,cross_corpus_conflict_resolved,dynamic_confirmed,diversevul:2128_80b002e06a4d,731a107fe2e819a3098ff0aecad0c8b0eb9612bb
12618,0,1,cross_corpus_conflict_resolved,dynamic_confirmed,bigvul:177970,443487fe00c024b98a9cad60bccef938b310e008
12700,0,1,cross_corpus_conflict_resolved,dynamic_confirmed,bigvul:181594,e44bf8ee3465d3a38dd028779f431cb90436aa15
12702,0,1,cross_corpus_conflict_resolved,dynamic_confirmed,bigvul:181595,c4c84c136c3d73bfb9ff82261cd2beb264381e78
12703,0,1,cross_corpus_conflict_resolved,dynamic_confirmed,bigvul:181596,1942ef6f4886949b97a28c097d35f205dc558b1f
12714,0,1,cross_corpus_conflict_resolved,dynamic_confirmed,diversevul:18295_32aa46a1f46d,bc939dd9726ab1f65ecc62d410ef24aa58726f64
12728,0,1,cross_corpus_conflict_resolved,dynamic_confirmed,diversevul:18294_7bb30c08ce0a,ad94b58f0161e8cfcf6411c5ae6f7107373f7126
13119,0,1,cross_corpus_conflict_resolved,dynamic_confirmed,bigvul:178115,c0007a15892746300d5bbde375ff35db77835ef1
13323,0,1,cross_corpus_conflict_resolved,dynamic_confirmed,diversevul:5490_13e236a7a297,73f200731371f19f4aeb7be710dd8fdaf34ced2b
13708,0,1,cross_corpus_conflict_resolved,dynamic_confirmed,diversevul:18252_8b453f2063d9,973b8aab7a2e465a5f4741862fda91a670a25ca3
13922,0,1,cross_corpus_conflict_resolved,dynamic_confirmed,bigvul:181592,27cd6c090f78e608620fa7582f5b50600f92e9a2
13933,0,1,cross_corpus_conflict_resolved,dynamic_confirmed,diversevul:6846_af3433ff761d,b5bd460a5f1103592f32e293073f1d6855c60b68
14256,0,1,cross_corpus_conflict_resolved,dynamic_confirmed,diversevul:11931_49a79499f811,1a8cc0715bfc1092b3afc4732fa38910ce52922c
14359,0,1,cross_corpus_conflict_resolved,dynamic_confirmed,diversevul:17947_8a63e8be9c15,aa3b34f37da49fb1359ec5b864eacb74baae817a
14361,0,1,cross_corpus_conflict_resolved,dynamic_confirmed,diversevul:17948_4bb3124c0b58,d835693582b27cfe2439303dda7b74430ed87e30
14434,0,1,cross_corpus_conflict_resolved,dynamic_confirmed,diversevul:17883_442eeaec147a,f97e411538eb85def495b94a13974fdd7f752cde
14516,0,1,cross_corpus_conflict_resolved,dynamic_confirmed,diversevul:3969_71214389630d,38e4da93455aa8440979f92ee11f00e5d0d0f700
14859,0,1,cross_corpus_conflict_resolved,dynamic_confirmed,diversevul:2972_4da56afe4890,7a7046443b6c0d224c3663db0723ea0a50f83372
14865,0,1,cross_corpus_conflict_resolved,dynamic_confirmed,diversevul:3262_13bb4d6cd7de,6d35fb67a227412faa44775ec3eba7cd78a7493f
15054,0,1,cross_corpus_conflict_resolved,dynamic_confirmed,diversevul:3059_e59a8642b591,0a4f497a0ec712b2b6a1446c74322b62191966f2
15091,0,1,cross_corpus_conflict_resolved,dynamic_confirmed,bigvul:180125,3d4ae06e5fc509c60414f4b30a70b67c5c6ccd56
15168,0,1,cross_corpus_conflict_resolved,dynamic_confirmed,diversevul:3050_23dea01b9cc2,aeef3dfbee8547177208df738bb85eeee5bef882
15259,0,1,cross_corpus_conflict_resolved,dynamic_confirmed,diversevul:3767_0639db20a000,8a38a98a30067520e14b57159ac0b260c2ac562c
15406,0,1,cross_corpus_conflict_resolved,dynamic_confirmed,diversevul:17857_d43b0bd452ee,d36e23c53c77a7a42fe980a6b88e48ab7c441a31
15417,0,1,cross_corpus_conflict_resolved,dynamic_confirmed,diversevul:1947_b9ef8f50ab63,abc92d5242b14b4a80227314880a9d7a23d90701
15459,0,1,cross_corpus_conflict_resolved,dynamic_confirmed,bigvul:179538,e9105234b5562866abd19060648f6ec53dba465f
15460,0,1,cross_corpus_conflict_resolved,dynamic_confirmed,diversevul:2146_5396052753ad,1fac225688b8b685f0c39c384006f1654eeed730
15590,0,1,cross_corpus_conflict_resolved,dynamic_confirmed,diversevul:3373_18508f73e59b,bbce742475857c89af734b530823fb789676c3ac
15600,0,1,cross_corpus_conflict_resolved,dynamic_confirmed,diversevul:3372_3774de1251b3,4254f6321ff6cec9ed1e8be339387f43a304b0ec
15615,0,1,cross_corpus_conflict_resolved,dynamic_confirmed,bigvul:178526,aa6da4572a72d3ee965d27c670abf743b82420a8
16687,0,1,cross_corpus_conflict_resolved,dynamic_confirmed,diversevul:7122_201bffb4a79b,5a369ab0a08642b7f85d32abf47d9b1d6efb8fa7
17862,0,1,cross_corpus_conflict_resolved,dynamic_confirmed,diversevul:13023_2eeae7263dcb,026d424d8c75e4731ee3bd1c4a187b99ecd8fcc5
17863,0,1,cross_corpus_conflict_resolved,dynamic_confirmed,diversevul:13022_cca7ec9982ed,c7e221daf8543909edbf40b25e696ea09f66d329
17865,0,1,cross_corpus_conflict_resolved,dynamic_confirmed,diversevul:13025_14051fa92c00,85db55d8a832aba0ccf77c77d9b00f4a48d2ce9e
17871,0,1,cross_corpus_conflict_resolved,dynamic_confirmed,diversevul:13030_380799e9d7a8,0ceea1bf0e61362baac07a5dba4f20ed2b147945
17880,0,1,cross_corpus_conflict_resolved,dynamic_confirmed,diversevul:13028_42667afcd5f8,398d706040ae3018833f1ac48e07a62067f4641e
17887,0,1,cross_corpus_conflict_resolved,dynamic_confirmed,diversevul:9523_53dadf1423de,9fd816b385e23e3c7307af1c0693147df427dfa2
17888,0,1,cross_corpus_conflict_resolved,dynamic_confirmed,diversevul:9503_0729aa884794,ce5378b0b0675f736c01d398736d153a54952e02
17891,0,1,cross_corpus_conflict_resolved,dynamic_confirmed,diversevul:9522_f26ef55fe5b5,71d77dc8c759a72d60422218668fbe086480c142
17893,0,1,cross_corpus_conflict_resolved,dynamic_confirmed,diversevul:9525_b114c9efd694,40b7baa40445bec6542843f99294327de6092aff
17958,0,1,cross_corpus_conflict_resolved,dynamic_confirmed,bigvul:180074,bb315469293ab6dedfa8bf680e17afe3ff980941
17973,0,1,cross_corpus_conflict_resolved,dynamic_confirmed,bigvul:181822,b68e34e6cd6025a033f444e4ac5201197357eff1
18113,0,1,cross_corpus_conflict_resolved,dynamic_confirmed,diversevul:12924_94e88d1aaf9b,63ba29e5c42211f5b758757c7388ecc319a93795
18114,0,1,cross_corpus_conflict_resolved,dynamic_confirmed,diversevul:12925_2763c8fd92c1,c89b93d49ca825ce60d4cb3b3c24a8c85356c304
18627,0,1,cross_corpus_conflict_resolved,dynamic_confirmed,bigvul:179687,b361186c6bd47fcf2af198c48e0ececd8959df27
18768,0,1,cross_corpus_conflict_resolved,dynamic_confirmed,bigvul:178943,d2b8977bc04f6e05fe42209977920d5a0617f549
18774,0,1,cross_corpus_conflict_resolved,dynamic_confirmed,diversevul:17471_cb632a4bd365,7e40974b2e0739012fec9dd51f5baf6701a0fc80
18850,0,1,cross_corpus_conflict_resolved,dynamic_confirmed,bigvul:179315,f3c21d40d8b99cb2f0f7270716edb1ef31694cff
19280,0,1,cross_corpus_conflict_resolved,dynamic_confirmed,diversevul:12031_876f1557c42f,802ef1a5a27e288b6d738e50b52b011c8b84849b
19281,0,1,cross_corpus_conflict_resolved,dynamic_confirmed,diversevul:12030_bf10c6de9d84,2b144cec2a79f91f4ccd0a3d874ba4e8c21067da
19290,0,1,cross_corpus_conflict_resolved,dynamic_confirmed,diversevul:3801_b76c95664431,c81462f688b423c4d3e3bfee8a8feae378833692
19291,0,1,cross_corpus_conflict_resolved,dynamic_confirmed,bigvul:180006,983060cc9db3468af4a9357e469cc75cd06a7faa
19354,0,1,cross_corpus_conflict_resolved,dynamic_confirmed,diversevul:4177_f50294e8efb6,d9b23fd0aa57d3ac71eaa8e7bf90f6fffd7c2793
19642,0,1,cross_corpus_conflict_resolved,dynamic_confirmed,bigvul:183050,502f86d15ffdcb106f7018cb22b0d11f1b398450
19799,0,1,cross_corpus_conflict_resolved,dynamic_confirmed,primevul:9180,1d4d1fb841f57277b2cdbec0d82592baf8f8d15d
19966,0,1,cross_corpus_conflict_resolved,dynamic_confirmed,bigvul:178890,02ff6eced3e1626d008c5ee3a2a7120ae2a5de57
20201,0,1,cross_corpus_conflict_resolved,dynamic_confirmed,bigvul:179719,418018d30a03ba7d9f3afa8e056c5afe5f9e4767
20407,0,1,cross_corpus_conflict_resolved,dynamic_confirmed,bigvul:178793,1e9e18e51a2d2f0194f359205ba4d28104021e17
20602,0,1,cross_corpus_conflict_resolved,dynamic_confirmed,diversevul:1831_3aa69a618c1d,3fb35c2ddea3d0a9bfb9b03b72cf073c039404e5
20633,0,1,cross_corpus_conflict_resolved,dynamic_confirmed,diversevul:1830_f09d0de427d4,0a660e44b28aa18fc0162c5f7589f37ee31a8993
20658,0,1,cross_corpus_conflict_resolved,dynamic_confirmed,diversevul:1835_6047a606bcc0,02a9d2d6fc8769fe48f7d029a8b0e069653d1335
20683,0,1,cross_corpus_conflict_resolved,dynamic_confirmed,diversevul:1832_7c9ab44f6af9,3a35fd6e3a98cf884bbbbfc799f0a07957cd5b64
20684,0,1,cross_corpus_conflict_resolved,dynamic_confirmed,diversevul:1834_eb9ae7803939,f2e89b3308ed31d28bc9416206c04d7f58191bbe
20702,0,1,cross_corpus_conflict_resolved,dynamic_confirmed,bigvul:179424,5979f0897951f16d9a5275031b6955a004eba652
20864,0,1,cross_corpus_conflict_resolved,dynamic_confirmed,bigvul:180517,a04296a4acf5458e41d7e1b0e98b29b9ca078b6c
20873,0,1,cross_corpus_conflict_resolved,dynamic_confirmed,diversevul:1828_8f7ef49291bc,f094739562df8f078129312f89f290d0b892e70a
20898,0,1,cross_corpus_conflict_resolved,dynamic_confirmed,diversevul:1829_422272f9b406,ddb714aab47d9cc8683a18c37c5b067638083765
20950,0,1,cross_corpus_conflict_resolved,dynamic_confirmed,bigvul:179615,6a422b78185cb3513ab1be5dbd50b30c6b3b57b2
21433,0,1,cross_corpus_conflict_resolved,dynamic_confirmed,bigvul:178803,6080048e8a8633c2bbff6f813a24fc9490319d9c
21435,0,1,cross_corpus_conflict_resolved,dynamic_confirmed,bigvul:178804,5be9896ccc3c4f63755fad2afd523257df2b0653
21468,0,1,cross_corpus_conflict_resolved,dynamic_confirmed,bigvul:179868,e8255b3e6e67150d0005876513596f250057ef00
21681,0,1,cross_corpus_conflict_resolved,dynamic_confirmed,bigvul:180784,b219fffc1896c871bf222003763b2ed9c45df7ec
21682,0,1,cross_corpus_conflict_resolved,dynamic_confirmed,bigvul:180785,161db7642e5a2e9a0241ca967d69feb10feb06d1
21735,0,1,cross_corpus_conflict_resolved,dynamic_confirmed,diversevul:2341_bab8746a1f51,94b31701cdc4611f2b0a948fb87a67455ca57c6e
21736,0,1,cross_corpus_conflict_resolved,dynamic_confirmed,bigvul:179510,d77279201989ba3a68e32db3d2f1fda9e4054e67
21757,0,1,cross_corpus_conflict_resolved,dynamic_confirmed,diversevul:2331_1ca689a067d7,574b4c1ee9d23c675f52254f55ceaf95d4b3b8e3
21783,0,1,cross_corpus_conflict_resolved,dynamic_confirmed,bigvul:183085,84c0a727069bd51c6bdf86453454fcd4e284ef60
22109,0,1,cross_corpus_conflict_resolved,dynamic_confirmed,diversevul:10724_9d6e18451df7,bfcb886985ad0b1a5eb3abacdb7313df6cd61578
22163,0,1,cross_corpus_conflict_resolved,dynamic_confirmed,bigvul:183328,9d9c86445631fb7576b7e6fb23dfece999da4aa0
22213,0,1,cross_corpus_conflict_resolved,dynamic_confirmed,diversevul:13851_e4fb0b91f32d,ae2178ed515ee3744bbbe23e7503711017e493f6
22726,0,1,cross_corpus_conflict_resolved,dynamic_confirmed,diversevul:12986_2ea5ba1b95ef,41b9f370a260160cb0c04fe47c95b9d36fa6f364
22727,0,1,cross_corpus_conflict_resolved,dynamic_confirmed,diversevul:12985_c732bb66dbf5,cb6e2ee07a9a241cc28c904269377b1a874e46b4
22762,0,1,cross_corpus_conflict_resolved,dynamic_confirmed,bigvul:179189,6e17fa4d8ea24980d134bccfdbbdb60513eb7b3b
22856,0,1,cross_corpus_conflict_resolved,dynamic_confirmed,bigvul:178889,49967ef50774aeef30954cc638198a972c107cb6
22891,0,1,cross_corpus_conflict_resolved,dynamic_confirmed,bigvul:178890,02ff6eced3e1626d008c5ee3a2a7120ae2a5de57
23656,0,1,cross_corpus_conflict_resolved,dynamic_confirmed,diversevul:5891_a92a293a5ca7,16566d509609d67056bc49ac1ebc8b42f6773442
23833,0,1,cross_corpus_conflict_resolved,dynamic_confirmed,bigvul:179351,be6e1c822fce780920cebbdc7dd0d5bb6c9f4832
24469,0,1,cross_corpus_conflict_resolved,dynamic_confirmed,bigvul:178801,9db13aa9c304c9214c193bbabfddd457f1398e2b
24472,0,1,cross_corpus_conflict_resolved,dynamic_confirmed,diversevul:877_31fdddf06529,ea646bb6d6b8f706ccabf77b84a2fed6ea632c72
26070,0,1,cross_corpus_conflict_resolved,dynamic_confirmed,bigvul:180154,d6730fc2a8ed8c1be6f3d9ceffc362e81a87685c
26074,0,1,cross_corpus_conflict_resolved,dynamic_confirmed,diversevul:5077_fb9dcaf278d9,1fb64bc3e6c7b81ea2a55d18e2f4d57c2456abd5
26098,0,1,cross_corpus_conflict_resolved,dynamic_confirmed,bigvul:180158,d4e2b0789f7b302141ac6ca5dc5f545db06978f5
26112,0,1,cross_corpus_conflict_resolved,dynamic_confirmed,bigvul:180161,d01fe7bf0cb39320069a83da490c8f63c97cac6f
26113,0,1,cross_corpus_conflict_resolved,dynamic_confirmed,bigvul:180162,5496f4b653325ae66616efbaab24b7f417f14985
26156,0,1,cross_corpus_conflict_resolved,dynamic_confirmed,diversevul:5009_53b5da348b63,68f30127ab6e4ca51c9045a8abddebe0c31e7a0e
26597,0,1,cross_corpus_conflict_resolved,dynamic_confirmed,bigvul:178933,8f2c95764550388cf6e981cf71884a305515b005
26598,0,1,cross_corpus_conflict_resolved,dynamic_confirmed,bigvul:178934,774295dd5554935bedeb6e65c2910d630120843e
26599,0,1,cross_corpus_conflict_resolved,dynamic_confirmed,bigvul:178935,e36d792e93dcd9f53b9cdd6449418c8de630984a
26600,0,1,cross_corpus_conflict_resolved,dynamic_confirmed,bigvul:178936,b3cdd58c5c856705bc1f0bcd86dcce7d07a2f686
26603,0,1,cross_corpus_conflict_resolved,dynamic_confirmed,diversevul:17460_737fc1ccff48,78805366d250063b2e45354edb08c283c397af8a
26628,0,1,cross_corpus_conflict_resolved,dynamic_confirmed,bigvul:179248,e05d12621489ab564c2e2f44d417cf1dd9edcc2b
27515,0,1,cross_corpus_conflict_resolved,dynamic_confirmed,diversevul:4680_a7d981ccad16,bf4eb46590dd5adb177c95e5adc77707ab2c289a
27596,0,1,cross_corpus_conflict_resolved,dynamic_confirmed,bigvul:179062,1d05c0c1d3656442d2e30111ccb0113df5c19190
27597,0,1,cross_corpus_conflict_resolved,dynamic_confirmed,bigvul:179063,ede82e31605dc4b234f720497ecaf795800166ec
27640,0,1,cross_corpus_conflict_resolved,dynamic_confirmed,diversevul:711_2cc6ca20a323,dba5daa7137f3b050ee1507f473b746556e6e252
27655,0,1,cross_corpus_conflict_resolved,dynamic_confirmed,diversevul:709_4891aa831a0b,1336e8d15f015fbb73da894bc4e521f9cc691042
27946,0,1,cross_corpus_conflict_resolved,dynamic_confirmed,bigvul:179060,10fd741d807c538c05a28aa92580f67a647fe1aa
27947,0,1,cross_corpus_conflict_resolved,dynamic_confirmed,bigvul:179061,2522140739aafe2c634319be6434dd0ca7bd5062
27999,0,1,cross_corpus_conflict_resolved,dynamic_confirmed,primevul:897,6fa7d4c9491ba9620fecbd8da6c704ec6af0c762
28002,0,1,cross_corpus_conflict_resolved,dynamic_confirmed,bigvul:179099,985068e5d0430b9ea60c752a520546cbbf840063
28066,0,1,cross_corpus_conflict_resolved,dynamic_confirmed,diversevul:16105_1096e5858297,3a7c9e87da839e441f69369f40cc47eba4858750
28077,0,1,cross_corpus_conflict_resolved,dynamic_confirmed,bigvul:179091,65075c898962c14e2cfba841e02603ad00306bb0
28078,0,1,cross_corpus_conflict_resolved,dynamic_confirmed,bigvul:179092,6a84466e57a211cbdb4aca8c72910293e37c2e78
28264,0,1,cross_corpus_conflict_resolved,dynamic_confirmed,diversevul:16181_8a0c9faccc0a,2a34ec3593a8331d6c5edf46cac7d105ea8da9f3
28373,0,1,cross_corpus_conflict_resolved,dynamic_confirmed,diversevul:2045_33b8eeb55b5b,7f4dceaf2e8872fb8b0dcf0597d55c36cd35d9fe
28387,0,1,cross_corpus_conflict_resolved,dynamic_confirmed,diversevul:2942_9824f416433c,f2986afcb00e643199ad119922c50229eee49564
28800,0,1,cross_corpus_conflict_resolved,dynamic_confirmed,bigvul:179115,cfac9634eb2bde5162d0ae9b0cdb444c73ddfe93
28805,0,1,cross_corpus_conflict_resolved,dynamic_confirmed,bigvul:179638,8304158775fefd30f1077fb4d81274b7a6eaa035
28880,0,1,cross_corpus_conflict_resolved,dynamic_confirmed,bigvul:179522,94b1cdf6becd6109d1367d7bd513b4a2fa405eab
28882,0,1,cross_corpus_conflict_resolved,dynamic_confirmed,diversevul:2324_8a3a5c68bbcc,cef2ddb843c6fce9dbee2b8c14ebab86a863de5c
28934,0,1,cross_corpus_conflict_resolved,dynamic_confirmed,bigvul:179116,340d5b7716c057894b6210979babc03fc13e016c
28935,0,1,cross_corpus_conflict_resolved,dynamic_confirmed,bigvul:179117,ebc5a2b01d0024548a1bc6b364ba75eea4fc961f
28936,0,1,cross_corpus_conflict_resolved,dynamic_confirmed,bigvul:179118,f1b456dc3dd85a7dc8f61e89401240f3f8e7f9eb
29018,0,1,cross_corpus_conflict_resolved,dynamic_confirmed,diversevul:1629_1ffa970c0fb0,e575edf7ea0845b5f5f586fd73159157139031fa
29658,0,1,cross_corpus_conflict_resolved,dynamic_confirmed,diversevul:236_0829eb4e069c,e97bde046150610f4dcbb2c9e315315f07003c5d
29662,0,1,cross_corpus_conflict_resolved,dynamic_confirmed,diversevul:3796_513d615cfbe0,b7915d67c5f66cc5d5f31572534d79b82333a45c
29663,0,1,cross_corpus_conflict_resolved,dynamic_confirmed,diversevul:3798_239d8c757c57,d050b1828af0efd0b1a94ac8aa8382c3a9f5bdd0
29714,0,1,cross_corpus_conflict_resolved,dynamic_confirmed,bigvul:179098,1d55d9585f6ce2fe73909b9426055a85539837a5
29807,0,1,cross_corpus_conflict_resolved,dynamic_confirmed,bigvul:180640,c18eb6efb145c4311a01b41922db4044f120bab2
29951,0,1,cross_corpus_conflict_resolved,dynamic_confirmed,bigvul:179651,d70ae0afa9c0d02fcb30416bf29765d6ace6aeeb
29969,0,1,cross_corpus_conflict_resolved,dynamic_confirmed,bigvul:179653,bb5542d6502633821260916a431275922b391d05
30030,0,1,cross_corpus_conflict_resolved,dynamic_confirmed,primevul:9283,e276b98537d7574f1328437bf1091a01224da919
30532,0,1,cross_corpus_conflict_resolved,dynamic_confirmed,diversevul:4010_2370ed2b1f90,ca5d454e9a0b0ae897d7bd56febaa866548225d9
30781,0,1,cross_corpus_conflict_resolved,dynamic_confirmed,diversevul:12334_66fc6783da00,86dbc266b6b3e683f4419b02db46d04c0aeab606
30836,0,1,cross_corpus_conflict_resolved,dynamic_confirmed,bigvul:180084,03de3def901d3acbcfe78a1b0f8dce1a584c901f
30994,0,1,cross_corpus_conflict_resolved,dynamic_confirmed,bigvul:179190,683c0636ee7fe41edf20ab9908658cdcb5e77afc
31008,0,1,cross_corpus_conflict_resolved,dynamic_confirmed,diversevul:2081_fb500ded5df6,74559444d1770111f509b481c00afe98debf4b9b
31048,0,1,cross_corpus_conflict_resolved,dynamic_confirmed,diversevul:2061_148c443beec9,4b660a50188b98b21d4d2d3c520b832ee0cf32bb
31236,0,1,cross_corpus_conflict_resolved,dynamic_confirmed,diversevul:5473_c022bc7af171,96ab364e4266db3fefe5d231374972fea81cc9c8
31394,0,1,cross_corpus_conflict_resolved,dynamic_confirmed,diversevul:5620_1b2f9d32be98,e0f3ee0d9a24e4ced7519a4205f169ed058e0c4f
31399,0,1,cross_corpus_conflict_resolved,dynamic_confirmed,bigvul:179247,3b03723f14dace107524bed129f573be295f0903
31402,0,1,cross_corpus_conflict_resolved,dynamic_confirmed,diversevul:5618_f29aa330166b,ecc71b2920a6f7d6f53cd0c5215c85163941e7e2
31403,0,1,cross_corpus_conflict_resolved,dynamic_confirmed,diversevul:5621_aa387f37a906,f0ffb19d9d43d708f17f060ce4a09adb646c7676
31442,0,1,cross_corpus_conflict_resolved,dynamic_confirmed,diversevul:16348_de26a0cad73b,893fa6829354eb016d7cf5e5e5a464d22f754b16
31491,0,1,cross_corpus_conflict_resolved,dynamic_confirmed,bigvul:179186,f07ac4b779ce657f874326583d6241327ea657a7
31492,0,1,cross_corpus_conflict_resolved,dynamic_confirmed,bigvul:179187,86d0507bce9963e2e397b99633847ffc4037eaa3
31599,0,1,cross_corpus_conflict_resolved,dynamic_confirmed,diversevul:2360_abce854094c8,ed81e9861e3514cba86a5a45631e98e18b6f1f92
31774,0,1,cross_corpus_conflict_resolved,dynamic_confirmed,diversevul:6731_0604d9b3bf7a,aa3eb09857910cef261640ad060906fa36e8427c
31939,0,1,cross_corpus_conflict_resolved,dynamic_confirmed,bigvul:180155,11ef4b67adf5c4dfe0d6e4b2b43d4e28572b049b
31942,0,1,cross_corpus_conflict_resolved,dynamic_confirmed,bigvul:180156,638a5a462bc42cc7cdeff30db2aeac95d85a14f4
31951,0,1,cross_corpus_conflict_resolved,dynamic_confirmed,bigvul:180159,676f3745c3cbd5cb022563b2cac00f2a4650d150
32128,0,1,cross_corpus_conflict_resolved,dynamic_confirmed,bigvul:179406,5de5cbf12446526751c017e543549eb9b4ae4140
32311,0,1,cross_corpus_conflict_resolved,dynamic_confirmed,bigvul:179185,12b43a50194294adcaac291f91774acf77219654
32347,0,1,cross_corpus_conflict_resolved,dynamic_confirmed,diversevul:2206_33de44041ab1,f95beec2e90e5a33d9c19fce5feb2a6aa594da65
32438,0,1,cross_corpus_conflict_resolved,dynamic_confirmed,bigvul:179266,1ad774bcb88be66453bdc0244f71bffc61bee0a4
32441,0,1,cross_corpus_conflict_resolved,dynamic_confirmed,bigvul:179263,1f29d9fb5a8ac4e1bb1f53498632a527615b9a2a
32442,0,1,cross_corpus_conflict_resolved,dynamic_confirmed,bigvul:179264,4a8fda866259d742607c2ff5abfb7a480c339448
32899,0,1,cross_corpus_conflict_resolved,dynamic_confirmed,bigvul:179269,7987a152e0b89b88a125812b5db89f8181d1088c
33041,0,1,cross_corpus_conflict_resolved,dynamic_confirmed,bigvul:179802,9c25a7b19f9472748385fa9f6d946bd103b6f282
33103,0,1,cross_corpus_conflict_resolved,dynamic_confirmed,bigvul:179360,3e6adb197bd178b028727164ecd57116b8631251
33106,0,1,cross_corpus_conflict_resolved,dynamic_confirmed,diversevul:17481_520b0207638a,c1d9db5594597c4501633741616bf951945efcc3
33110,0,1,cross_corpus_conflict_resolved,dynamic_confirmed,bigvul:179361,0c51ea69100b9a614d248c9a0ca729f3bed6d6c8
33113,0,1,cross_corpus_conflict_resolved,dynamic_confirmed,bigvul:183073,22bdb16ea89a91f3b36ac42e44f3f50f230a3e70
33126,0,1,cross_corpus_conflict_resolved,dynamic_confirmed,bigvul:179362,0b164fc4918088503269b0972bb344a4176d077e
33137,0,1,cross_corpus_conflict_resolved,dynamic_confirmed,bigvul:179363,dc6c2ca8df94f7b99ce3cb53a5e01621a3a7c623
33143,0,1,cross_corpus_conflict_resolved,dynamic_confirmed,bigvul:180834,6fc557b14fb9ecb0a71fe50de46d3329df5c3a5a
33168,0,1,cross_corpus_conflict_resolved,dynamic_confirmed,bigvul:179364,b5b7443cf40f017e6b45d5a270fbbe5f5d188624
33266,0,1,cross_corpus_conflict_resolved,dynamic_confirmed,bigvul:179638,8304158775fefd30f1077fb4d81274b7a6eaa035
33279,0,1,cross_corpus_conflict_resolved,dynamic_confirmed,bigvul:179120,d68713c5e94db84e10a32eea378398127a605de0
33301,0,1,cross_corpus_conflict_resolved,dynamic_confirmed,bigvul:179288,bd5bcef7a9f14466652d9e1bc3069ac87f1c8d6e
33303,0,1,cross_corpus_conflict_resolved,dynamic_confirmed,bigvul:181446,9684dfe0258fbde02844f86e9ef45f3791c57c2b
33307,0,1,cross_corpus_conflict_resolved,dynamic_confirmed,bigvul:181448,a0288f12fb5e93c2a4c1c09919ae509208e882af
33308,0,1,cross_corpus_conflict_resolved,dynamic_confirmed,bigvul:180624,8854431692740196c1aa2d37a92927a84323ebf6
33604,0,1,cross_corpus_conflict_resolved,dynamic_confirmed,diversevul:6108_52e3eac468f7,a858bde3953ba7c660b0cae28fb60205418e63d1
33702,0,1,cross_corpus_conflict_resolved,dynamic_confirmed,bigvul:179254,ff067570a5ce2994f723c3a5d5be786f83312f11
33720,0,1,cross_corpus_conflict_resolved,dynamic_confirmed,bigvul:179306,07e7a62f8399bb3ca5418bcef9778d071e9bf7f0
34039,0,1,cross_corpus_conflict_resolved,dynamic_confirmed,diversevul:15512_e10c600d2ae2,99f4c281aada23a9b8054eab793d7be71a7a16d9
34042,0,1,cross_corpus_conflict_resolved,dynamic_confirmed,bigvul:179341,ac36f7634ac694ac7f87e18af2068604e2c83be9
34043,0,1,cross_corpus_conflict_resolved,dynamic_confirmed,bigvul:179342,828d2ab5a252fdb666c466a979457f09369eef4d
34108,0,1,cross_corpus_conflict_resolved,dynamic_confirmed,bigvul:179217,fa566fab1072295dd01b12493ba0de4f3de0abe4
34116,0,1,cross_corpus_conflict_resolved,dynamic_confirmed,bigvul:179214,cd0696a612c47f73be2646b92a7ef133cf27ec3f
34130,0,1,cross_corpus_conflict_resolved,dynamic_confirmed,diversevul:15139_13f543358420,18d6588f81d35b2151cb69b8e7404e16981e7453
34145,0,1,cross_corpus_conflict_resolved,dynamic_confirmed,diversevul:13867_1372621b8524,4fa0fd98e4ef695c764b0f39c6dcf6a0a8e20b3d
34246,0,1,cross_corpus_conflict_resolved,dynamic_confirmed,bigvul:178708,844adb63209b28e173c48dcba099e60f51b45802
34247,0,1,cross_corpus_conflict_resolved,dynamic_confirmed,bigvul:178709,17dfa5ec9d77e460a1ecb987b5d8248fdd7f9a44
35378,0,1,cross_corpus_conflict_resolved,dynamic_confirmed,bigvul:180396,6ebc21f749b373497f0d165c537cbcfc4ee24902
35382,0,1,cross_corpus_conflict_resolved,dynamic_confirmed,bigvul:179954,94f8deed6bba3e8ce1092e57b13377d6eed1fcf5
35432,0,1,cross_corpus_conflict_resolved,dynamic_confirmed,bigvul:181016,f97199376ed010d08b39e9daba9dcc83f472f5d9
35434,0,1,cross_corpus_conflict_resolved,dynamic_confirmed,bigvul:181128,47554b0050bde1b2319729776f53a22877ecbf1e
35487,0,1,cross_corpus_conflict_resolved,dynamic_confirmed,bigvul:179565,bdd103dfebf02da90551d974f23d0d36a3cd312a
35566,0,1,cross_corpus_conflict_resolved,dynamic_confirmed,bigvul:181618,d029bb8d87f042e49ddb5af540eb12c1707841a2
35634,0,1,cross_corpus_conflict_resolved,dynamic_confirmed,bigvul:180647,c578693f340aad260fffb69699db3f6db8697dfc
36113,0,1,cross_corpus_conflict_resolved,dynamic_confirmed,bigvul:180396,6ebc21f749b373497f0d165c537cbcfc4ee24902
36116,0,1,cross_corpus_conflict_resolved,dynamic_confirmed,bigvul:179408,59e412a781da5630f97c4a0b79213eeb4c37f1db
36125,0,1,cross_corpus_conflict_resolved,dynamic_confirmed,bigvul:180551,5514eef6096b63c49e8ef0881a33dd32d9e2bedf
36141,0,1,cross_corpus_conflict_resolved,dynamic_confirmed,diversevul:3717_dc25bc5464fb,e2271ad6aac44a3b23dba6b7d5c8d04fe4d44fed
36144,0,1,cross_corpus_conflict_resolved,dynamic_confirmed,bigvul:180701,325c8db88f563dd7f0a4699a7dacea4ab104fbb9
36178,0,1,cross_corpus_conflict_resolved,dynamic_confirmed,diversevul:2378_140e5101714b,01500fe4a10d6374456fc71b1d852b63e87c6b5c
36186,0,1,cross_corpus_conflict_resolved,dynamic_confirmed,bigvul:180735,40fa323a62b754b28d0a650b9a1ca472a9f42be2
36188,0,1,cross_corpus_conflict_resolved,dynamic_confirmed,diversevul:15724_bc099dce622b,70c50d16df2988bf9bdf7eba35da7b6474fcc040
36238,0,1,cross_corpus_conflict_resolved,dynamic_confirmed,bigvul:179452,f93c5aa39b12adeca4d4d9c00760ebde8f96bfe1
36250,0,1,cross_corpus_conflict_resolved,dynamic_confirmed,bigvul:179504,b0933a93afa668d1a8e09b54c2cb89b77c023bed
36441,0,1,cross_corpus_conflict_resolved,dynamic_confirmed,bigvul:179456,1e0ba67356d9729d1af83d903053611d4d87ab97
36445,0,1,cross_corpus_conflict_resolved,dynamic_confirmed,diversevul:15341_bbdfb5748f30,9f7253adf5df6e7422e8eae9f65f0972ba133f6b
36497,0,1,cross_corpus_conflict_resolved,dynamic_confirmed,bigvul:179464,a121ce003621e9cf0e7384b75a6bba100316c743
36498,0,1,cross_corpus_conflict_resolved,dynamic_confirmed,diversevul:14570_4be17bf28ae8,79b221d6ee7142d3d98987b90304f6904f2afaa6
36499,0,1,cross_corpus_conflict_resolved,dynamic_confirmed,bigvul:179462,d55797faa277364c66e717bb3cc4c34613b0f3a9
36500,0,1,cross_corpus_conflict_resolved,dynamic_confirmed,diversevul:14568_be6412567eab,6359ccfc057ffa8e1965c88c7433c6fa6718d2f5
36501,0,1,cross_corpus_conflict_resolved,dynamic_confirmed,diversevul:14571_d0ddf1774701,4f4acb06e4c03a4ff8da038eb83231db6a5fe123
36687,0,1,cross_corpus_conflict_resolved,dynamic_confirmed,bigvul:179475,2d0104d4c2f967e534cbfd4b62951d35f0762e92
36688,0,1,cross_corpus_conflict_resolved,dynamic_confirmed,bigvul:183079,ecc016f496e18dd0defd907d446fec33a891d157
36733,0,1,cross_corpus_conflict_resolved,dynamic_confirmed,diversevul:3419_c9602be545e5,e32980c3787258a1ab8b1be04ed3bda0836eb6dd
36739,0,1,cross_corpus_conflict_resolved,dynamic_confirmed,bigvul:179824,d8818f1f2c4ace43a8e782da1c669d2b3bc6d161
36740,0,1,cross_corpus_conflict_resolved,dynamic_confirmed,diversevul:3430_b9c5cef24d64,32736bc5cf597afae2d466ce20b0aaf7ddc26738
36749,0,1,cross_corpus_conflict_resolved,dynamic_confirmed,bigvul:179827,5946d1b3e1b366f6a946fb666a3f7d2bf526ff58
36750,0,1,cross_corpus_conflict_resolved,dynamic_confirmed,bigvul:179828,936b8ba2a78a72c65d170c5bcbdd45875b46111b
36751,0,1,cross_corpus_conflict_resolved,dynamic_confirmed,bigvul:179829,ff1096242737f2176f5ac569eff41863ea9fdfce
36758,0,1,cross_corpus_conflict_resolved,dynamic_confirmed,diversevul:3439_d10a10b172bc,2e1cd530587e41cdbeb4924cb70ec3956f7906de
36765,0,1,cross_corpus_conflict_resolved,dynamic_confirmed,bigvul:179834,bbdd0c74f4bb1e085ff9e0d87555c3646001aa8c
36768,0,1,cross_corpus_conflict_resolved,dynamic_confirmed,bigvul:179836,64512b6a5524441fb5f7dc307e5331598004664d
36775,0,1,cross_corpus_conflict_resolved,dynamic_confirmed,bigvul:179837,95e6365167ee1c7d5aa1d67a340d4c00e7876563
36776,0,1,cross_corpus_conflict_resolved,dynamic_confirmed,bigvul:179838,af73bf4fa3e9c6b4b53a1e1c96a010b352d73f1d
36777,0,1,cross_corpus_conflict_resolved,dynamic_confirmed,bigvul:179839,369ca0a454f425b5a834699eac0cb46a2f9768c9
36778,0,1,cross_corpus_conflict_resolved,dynamic_confirmed,bigvul:179840,797db528acd8b88d431f18bedb231cfa69c0206b
36779,0,1,cross_corpus_conflict_resolved,dynamic_confirmed,diversevul:3441_72f4e73cd685,3413f060025c0935ec381c52532c2acdf35d3b4d
36780,0,1,cross_corpus_conflict_resolved,dynamic_confirmed,bigvul:179842,3de627a8bf040bd586eabde51c70df08e5179ed7
36781,0,1,cross_corpus_conflict_resolved,dynamic_confirmed,bigvul:179843,93d539e69dfbd11bafa4a3479f487f641057df31
36782,0,1,cross_corpus_conflict_resolved,dynamic_confirmed,bigvul:179844,9d4b2f3648d4c5fb6e24c2aa8e53204749078cf7
36783,0,1,cross_corpus_conflict_resolved,dynamic_confirmed,bigvul:179845,9ec5ea2e374a5759278076a800cca511331ff09b
36784,0,1,cross_corpus_conflict_resolved,dynamic_confirmed,bigvul:179846,2b17304da02659876a339203d61a0f002b4fc04a
36785,0,1,cross_corpus_conflict_resolved,dynamic_confirmed,bigvul:179847,bb0950b8918406b51b304896d410e3f2f067bece
36786,0,1,cross_corpus_conflict_resolved,dynamic_confirmed,bigvul:179482,439fbbd54426b3a5a7e6ce7a427d0ab1a409eefd
36790,0,1,cross_corpus_conflict_resolved,dynamic_confirmed,bigvul:179991,761e0a1cc5077c2f8a80512a03289ec6593e4aa3
36793,0,1,cross_corpus_conflict_resolved,dynamic_confirmed,bigvul:179992,0d053521578c4a03739e03204586c02b872026a2
36803,0,1,cross_corpus_conflict_resolved,dynamic_confirmed,diversevul:2209_c81f451c3a2d,2dafd84c1848ed44ddd1558539404d78c9fd4374
36870,0,1,cross_corpus_conflict_resolved,dynamic_confirmed,primevul:3653,e94276e97a293572cb8f3b28ce9c965cd46b9f3d
36899,0,1,cross_corpus_conflict_resolved,dynamic_confirmed,bigvul:179457,93b6c429f1e1bfe156f892b88b9b6cbdb416dc33
36969,0,1,cross_corpus_conflict_resolved,dynamic_confirmed,bigvul:179421,29323172849d174904ac1649340336bc78eac790
36970,0,1,cross_corpus_conflict_resolved,dynamic_confirmed,bigvul:183076,c1b1c776ce7c39b656b85a17237163811c836070
37101,0,1,cross_corpus_conflict_resolved,dynamic_confirmed,bigvul:179521,6758c4259f366877bc7deab2d7fd4af21c81bb3d
37110,0,1,cross_corpus_conflict_resolved,dynamic_confirmed,diversevul:16365_2379e14e8eb7,8c765d5fba4f8c9a7f8335a28e2389608397b494
37153,0,1,cross_corpus_conflict_resolved,dynamic_confirmed,bigvul:179516,6a5be94219f1eb73e1577a2caa311f54941062e1
37181,0,1,cross_corpus_conflict_resolved,dynamic_confirmed,bigvul:179772,b8e3bc99815fc86e605eda50987ca3ccfaaf9d37
37302,0,1,cross_corpus_conflict_resolved,dynamic_confirmed,diversevul:2325_a0fa23dc5ccd,c4d27bafc0639bf848bea88036f09aeaad309939
37365,0,1,cross_corpus_conflict_resolved,dynamic_confirmed,bigvul:179872,598aec839905dc329886793eb521a2d3cb8e0522
37369,0,1,cross_corpus_conflict_resolved,dynamic_confirmed,bigvul:179425,8f2e28109cd59956bed8b0a501e1d856fa285057
37374,0,1,cross_corpus_conflict_resolved,dynamic_confirmed,bigvul:179415,621f9bac07dadd9639ca1cc16af3d124648def47
37699,0,1,cross_corpus_conflict_resolved,dynamic_confirmed,diversevul:5032_6576d7a5835a,0eeaaa9c818826a661cfcc21dc839b795ee5224a
37753,0,1,cross_corpus_conflict_resolved,dynamic_confirmed,bigvul:179741,2e9b44dcb66321ed078128ed425f0cbc863e33a8
37923,0,1,cross_corpus_conflict_resolved,dynamic_confirmed,bigvul:179743,19689850cf4b1cb9522c7a9f671a3d9d22a4ef12
38061,0,1,cross_corpus_conflict_resolved,dynamic_confirmed,bigvul:179536,5251e60b072ea03bfda8fa9f9deb699548b11d7b
38131,0,1,cross_corpus_conflict_resolved,dynamic_confirmed,bigvul:179549,8c0663eb0941c61d2cddacaf5442d6c0306dfc72
38204,0,1,cross_corpus_conflict_resolved,dynamic_confirmed,diversevul:2139_7bf9b58a432b,7ef8d489f4d4d3e503dcd333aa1f871cbf9b6085
38207,0,1,cross_corpus_conflict_resolved,dynamic_confirmed,diversevul:2141_f26a1eaf6796,1f98616d7b3b19387fe0a053c846f1e3c7530617
38223,0,1,cross_corpus_conflict_resolved,dynamic_confirmed,diversevul:2143_c8b5c048fda3,3a7e9099342d2df8d86f246bd20b8b4cc5eb310a
38231,0,1,cross_corpus_conflict_resolved,dynamic_confirmed,diversevul:2140_26a31a224661,85958679f1aa51c69b8637bfe538b5d9710f9184
39126,0,1,cross_corpus_conflict_resolved,dynamic_confirmed,diversevul:1925_a38d23f2bbc1,3e83c388c5e20fd30b1027b42ce180e338a12572
39130,0,1,cross_corpus_conflict_resolved,dynamic_confirmed,bigvul:179531,d775488c6e207cf0e592a26e0f60384ed6b8706c
39223,0,1,cross_corpus_conflict_resolved,dynamic_confirmed,diversevul:2843_e57e9cdd39aa,f8d9d7832cd2915bfd12a655200000a21fb6aeea
39239,0,1,cross_corpus_conflict_resolved,dynamic_confirmed,diversevul:2841_da5552623057,b412a1d51b859d271bb15ee5b912992624ab1284
39360,0,1,cross_corpus_conflict_resolved,dynamic_confirmed,diversevul:11035_68481ad2d382,5a11f310f217253a60dd1832928c2b4ac4872677
39379,0,1,cross_corpus_conflict_resolved,dynamic_confirmed,diversevul:11038_e6c95c1d9550,d30907cead4c7099f506d3cbbf04606681b57632
39438,0,1,cross_corpus_conflict_resolved,dynamic_confirmed,bigvul:182758,7698c6a2333ecfee3fad4def7b394b6b3fd6b04f
39450,0,1,cross_corpus_conflict_resolved,dynamic_confirmed,diversevul:2089_1ffa0ad784ad,71ca9f142f235b605b61fa68b7946a98965302f2
39581,0,1,cross_corpus_conflict_resolved,dynamic_confirmed,bigvul:179537,1ede74794d5ea2292ea7f3a7e950062fc68c4bcc
39582,0,1,cross_corpus_conflict_resolved,dynamic_confirmed,diversevul:2108_c2ae89e08b5e,bacf963f7051790e92aeaa64226100a2d6b00169
39601,0,1,cross_corpus_conflict_resolved,dynamic_confirmed,bigvul:180665,e6ec354c2cdc380a4e354c86bfe828641ce01f34
39732,0,1,cross_corpus_conflict_resolved,dynamic_confirmed,bigvul:179032,253adb025f69675476d84a1167527b44280cc7bc
39807,0,1,cross_corpus_conflict_resolved,dynamic_confirmed,bigvul:182181,49c08b0d844a096c609d159c81312856f72e68eb
39935,0,1,cross_corpus_conflict_resolved,dynamic_confirmed,diversevul:2003_1fa42e207dc7,199d09f9cca6040d0463261d46b2ceafd5aa562a
39943,0,1,cross_corpus_conflict_resolved,dynamic_confirmed,diversevul:2360_abce854094c8,ed81e9861e3514cba86a5a45631e98e18b6f1f92
39944,0,1,cross_corpus_conflict_resolved,dynamic_confirmed,diversevul:2361_97325f2d5289,84c9790bae70be44efa1fbd98fc4807e24d6d060
40089,0,1,cross_corpus_conflict_resolved,dynamic_confirmed,diversevul:2098_53d25788bfc4,da1a34bd97a0ab5c2a991fe5642a79bcb243a03a
40228,0,1,cross_corpus_conflict_resolved,dynamic_confirmed,bigvul:181661,40377b216b120337d6bd2e3fe3b2c77df4d17457
40396,0,1,cross_corpus_conflict_resolved,dynamic_confirmed,bigvul:180704,6d1a68dcc6d52b272f504b636e6f0987b85c67fc
40409,0,1,cross_corpus_conflict_resolved,dynamic_confirmed,primevul:1345,ed9c3cc90bd143b36c229c0ce3e2763809d8dd69
40461,0,1,cross_corpus_conflict_resolved,dynamic_confirmed,bigvul:181444,d3dd90c61cb60dc3dbc470d60f408ac923b71f0d
40485,0,1,cross_corpus_conflict_resolved,dynamic_confirmed,diversevul:14280_154e5d0b29b1,e08ff31fc4203494fe065f48f6a1f7cf169f772d
40490,0,1,cross_corpus_conflict_resolved,dynamic_confirmed,bigvul:179459,0d05d70568bc7b4f4a5f7f8b219aba44ff0840b4
40702,0,1,cross_corpus_conflict_resolved,dynamic_confirmed,diversevul:6887_66e9a15c01c6,81ccc5c03d69d0f57baec1befd0008786580d56a
40734,0,1,cross_corpus_conflict_resolved,dynamic_confirmed,diversevul:3491_dbbc23cf5daf,e06aa7a002dabcaf0f439bdf5ed26890db4fbce8
41452,0,1,cross_corpus_conflict_resolved,dynamic_confirmed,diversevul:12343_011bdf4f9893,2f8f686f346d6fa272153c4533b7cd480fd3553d
42134,0,1,cross_corpus_conflict_resolved,dynamic_confirmed,bigvul:179756,584944e5beea7f997be030b5b1795b154375fdbf
42264,0,1,cross_corpus_conflict_resolved,dynamic_confirmed,primevul:2209,8b7ab120e841b229e773c05775b66c369434ee7c
42296,0,1,cross_corpus_conflict_resolved,dynamic_confirmed,diversevul:7535_c3f237fa6e03,b388c2ac546f14535e24f17a5ae18a20a8155e48
42321,0,1,cross_corpus_conflict_resolved,dynamic_confirmed,bigvul:179807,b2a0409321028cec5d7780f3e08c852e42c6c219
42630,0,1,cross_corpus_conflict_resolved,dynamic_confirmed,diversevul:4553_e167f4c22795,73f10308ba71791ad6c7882e802e05baf8f909b0
42766,0,1,cross_corpus_conflict_resolved,dynamic_confirmed,diversevul:15590_a22cd73594d4,a4da2421bcf68b651817ebbd5b27d532a1bb2a07
43153,0,1,cross_corpus_conflict_resolved,dynamic_confirmed,diversevul:13365_54a1a724234d,3b32131c3b1730295539111833ffb91c9e8661dd
43262,0,1,cross_corpus_conflict_resolved,dynamic_confirmed,diversevul:7564_07cd849da845,cece43139353c741fb8ab9479cbd26f0f4bbf032
43310,0,1,cross_corpus_conflict_resolved,dynamic_confirmed,diversevul:1594_e251b02762fd,c23c81e50da8434a3baf60d970f08d7307e4d603
43394,0,1,cross_corpus_conflict_resolved,dynamic_confirmed,diversevul:5006_9b922e54453f,8a3e105f29f485214f50de925efea22945f6877c
43529,0,1,cross_corpus_conflict_resolved,dynamic_confirmed,bigvul:181514,d28e21e3b2c139dc5476e8afe5140b8cdc3a5433
43590,0,1,cross_corpus_conflict_resolved,dynamic_confirmed,bigvul:181540,c0520baa3eb73dc0350dfd93133db96f8c525bbf
43906,0,1,cross_corpus_conflict_resolved,dynamic_confirmed,bigvul:180309,5812765349ff0df8fd5101add95a00ade4b9161a
44129,0,1,cross_corpus_conflict_resolved,dynamic_confirmed,diversevul:3821_c23cf083e43b,fe41d10ee69b85b025b937fb2fac9de60e5f43a0
44134,0,1,cross_corpus_conflict_resolved,dynamic_confirmed,diversevul:3818_e00721b57b61,9cb27355a37de76a2030c46c187fac3b52848797
44145,0,1,cross_corpus_conflict_resolved,dynamic_confirmed,diversevul:3819_99b4141af994,09d24043a6c224f70f4a2794cbe45a410398079e
44152,0,1,cross_corpus_conflict_resolved,dynamic_confirmed,bigvul:180561,0fdb0e213260fa8275f0890b5185bf65311c7cd5
44178,0,1,cross_corpus_conflict_resolved,dynamic_confirmed,diversevul:18542_7142cd1779db,7edb14bb6ab1431286c7b676eba4ba97e91e70a3
44233,0,1,cross_corpus_conflict_resolved,dynamic_confirmed,diversevul:18545_19ab70a43dcf,09eeea8a8286f2c2c92e0c77d12b7c9c69518461
44308,0,1,cross_corpus_conflict_resolved,dynamic_confirmed,bigvul:183409,d232ac2f71e80d079d966a546c049dc59373ca2c
44451,0,1,cross_corpus_conflict_resolved,dynamic_confirmed,bigvul:179873,092ca457e4d504aa692f70eb1e96b5da7d97cf01
45202,0,1,cross_corpus_conflict_resolved,dynamic_confirmed,primevul:1584,456146c69fea33e70c74a82d9ae93dc762e586f0
45232,0,1,cross_corpus_conflict_resolved,dynamic_confirmed,diversevul:2486_87cd415d3327,b93b0c38d6fedd574561111a068cfb50756fc3e7
45233,0,1,cross_corpus_conflict_resolved,dynamic_confirmed,diversevul:2485_9438d2bad132,987e13f89ab687f504371dad461fe01fa6cea7ec
45454,0,1,cross_corpus_conflict_resolved,dynamic_confirmed,bigvul:179948,9fdf3bc729d19b06c1303f5affd4b12195c7f81f
45455,0,1,cross_corpus_conflict_resolved,dynamic_confirmed,bigvul:179952,f4f708a0d72abe0bcaeab6fb8dae47d087bba778
45786,0,1,cross_corpus_conflict_resolved,dynamic_confirmed,primevul:2375,a8aaa377bfcbb69fa330973b2941efdb06a5311f
46083,0,1,cross_corpus_conflict_resolved,dynamic_confirmed,bigvul:180702,749a36d6b163f2f1b867bd78e96073464664fa18
46479,0,1,cross_corpus_conflict_resolved,dynamic_confirmed,primevul:1580,75792884f5b0df039424cdc6766a154c821bf48a
47325,0,1,cross_corpus_conflict_resolved,dynamic_confirmed,bigvul:180824,2c11406e3ba2c7c5787844f5c8a7396c1c978f32
47719,0,1,cross_corpus_conflict_resolved,dynamic_confirmed,diversevul:6284_04f997d55dc6,1ce9f69a1520cf36c1c6e29c1290f8316804925f
48043,0,1,cross_corpus_conflict_resolved,dynamic_confirmed,bigvul:182346,eeda36c6bb5993e5a4612a3d1a030c3fafcaf521
48044,0,1,cross_corpus_conflict_resolved,dynamic_confirmed,bigvul:182347,b22fe04df82c2b11282af510c46760e148f08a4b
48145,0,1,cross_corpus_conflict_resolved,dynamic_confirmed,bigvul:183181,28c4381c4fc5cfa031532d09a3347ff5dc92e9f0
48187,0,1,cross_corpus_conflict_resolved,dynamic_confirmed,diversevul:18404_d0bd6635abe1,5c7129ce086d3b2fb6d66cc75a8433ad0c7b19e6
48189,0,1,cross_corpus_conflict_resolved,dynamic_confirmed,bigvul:181584,99443d57e72cc854652e7c571e29676e4922c858
48190,0,1,cross_corpus_conflict_resolved,dynamic_confirmed,diversevul:18365_b30d487c6a8f,6ac9a4be8a04a7e855fb21bedd95e84f559f9486
48211,0,1,cross_corpus_conflict_resolved,dynamic_confirmed,bigvul:181705,2521472d36c3396bb9f8d054a9076f592235b3e8
48217,0,1,cross_corpus_conflict_resolved,dynamic_confirmed,diversevul:18364_dac6ce6bad3b,bd3be0b0027d69e6da8915d95180a2a29891a68e
48221,0,1,cross_corpus_conflict_resolved,dynamic_confirmed,primevul:3023,7c861c1b90d7ecc755faada00f3138cb7b3c3496
48271,0,1,cross_corpus_conflict_resolved,dynamic_confirmed,bigvul:181633,97c69f653e8bfa71767a66d658bc6e1de1195012
48287,0,1,cross_corpus_conflict_resolved,dynamic_confirmed,diversevul:18317_220b6eab68c1,83c7085dcca29b60a989bd8885e336accedb8709
48288,0,1,cross_corpus_conflict_resolved,dynamic_confirmed,diversevul:18315_c03cbbdef90a,c5da642086e62dd22d071203417bd5ecda130a97
48289,0,1,cross_corpus_conflict_resolved,dynamic_confirmed,diversevul:18316_718b4aa594bd,630508519b318a0f3c5083bb496d33109f649fb1
48294,0,1,cross_corpus_conflict_resolved,dynamic_confirmed,diversevul:18348_4c9d9975c165,72d8badb601e811c9364b5a08a948d7c61c42739
48295,0,1,cross_corpus_conflict_resolved,dynamic_confirmed,diversevul:18349_7d2b3501a580,2f3bb483b8cf8a75ca74f1b608b3a456f68e8a41
48296,0,1,cross_corpus_conflict_resolved,dynamic_confirmed,primevul:1678,4beccb3943fca8b0ff10402d5f3e07c174d10834
48298,0,1,cross_corpus_conflict_resolved,dynamic_confirmed,bigvul:181638,e2bd22b5a3a0288498cca0501342e256843fc051
48354,0,1,cross_corpus_conflict_resolved,dynamic_confirmed,diversevul:18314_4f2ba3a93e36,df67adee34e9be9d3f972c2243196e23679bfde6
48402,0,1,cross_corpus_conflict_resolved,dynamic_confirmed,primevul:1680,c42b002b42103cb0d8a334687f5e2bb8eb9ba072
48403,0,1,cross_corpus_conflict_resolved,dynamic_confirmed,bigvul:180039,09bb4cbd694be78070b037d3becee81cf9f05bed
48442,0,1,cross_corpus_conflict_resolved,dynamic_confirmed,bigvul:180864,e3d70103370304b7b485b45aa113e795ec94bfbd
48453,0,1,cross_corpus_conflict_resolved,dynamic_confirmed,diversevul:9301_77f71803df7d,df9bb9bbeeeb1e806f227b07c54ddf2d262dc530
49159,0,1,cross_corpus_conflict_resolved,dynamic_confirmed,diversevul:5306_9da4b544b921,3d80c200bf3a23987721716b0334e385a4fb441a
49168,0,1,cross_corpus_conflict_resolved,dynamic_confirmed,bigvul:181519,9499151103084a58a55a4fd8a2115ee0712d4804
49185,0,1,cross_corpus_conflict_resolved,dynamic_confirmed,bigvul:180889,47056a5a5fd7b6a6a98e9db7a96c01a11e9f4bb3
49192,0,1,cross_corpus_conflict_resolved,dynamic_confirmed,diversevul:6114_7207a2863ca2,fa7b54b12e6f4b3b835bb27b02f0687981cf6c32
49358,0,1,cross_corpus_conflict_resolved,dynamic_confirmed,diversevul:15161_b2c9352c081b,ad22042c23ec48940fa7396e296da2fc7484b41d
49359,0,1,cross_corpus_conflict_resolved,dynamic_confirmed,diversevul:15160_60d2ad51215d,eb3a92e710932007cf1470141bca2fbe1cda2b49
49728,0,1,cross_corpus_conflict_resolved,dynamic_confirmed,bigvul:181991,1b9adf63cc4810fe7d94345ef1a7cee612092278
49729,0,1,cross_corpus_conflict_resolved,dynamic_confirmed,diversevul:5153_f9fa4be50144,faecafe14c3ac675ac88f4c2358533ce5eb32105
49847,0,1,cross_corpus_conflict_resolved,dynamic_confirmed,bigvul:181841,d73872d53bf76ab0b0e5d1b2adf4a499f41b1ce9
49855,0,1,cross_corpus_conflict_resolved,dynamic_confirmed,diversevul:3166_c6254234306e,26d92b592ab8ab0bf48a41d1606a9dfaf82e0ba2
49870,0,1,cross_corpus_conflict_resolved,dynamic_confirmed,diversevul:3172_4efb1c5abef2,d4a451c08396ffdaad8a099bb57d5274b7b89cb4
49872,0,1,cross_corpus_conflict_resolved,dynamic_confirmed,diversevul:3188_be175402f74e,f3005d50cb805cefedfe0ec2a375d7f6726a62e7
49910,0,1,cross_corpus_conflict_resolved,dynamic_confirmed,bigvul:180101,6d1aef7b750957adf04a1ec1b8481da16fedfed1
49985,0,1,cross_corpus_conflict_resolved,dynamic_confirmed,bigvul:181686,0f324ea44077ffe9f94691ca4fa101d1bc5082d4
50188,0,1,cross_corpus_conflict_resolved,dynamic_confirmed,bigvul:180120,b604c08932d1604f727d0a206314aa77930bb72b
50189,0,1,cross_corpus_conflict_resolved,dynamic_confirmed,bigvul:180122,e600731a8a0f89867c31f5cfcc11cfdcbe9e598b
50215,0,1,cross_corpus_conflict_resolved,dynamic_confirmed,bigvul:180124,a8ceac52de473b95d24feded75ed65a3a55dd388
50478,0,1,cross_corpus_conflict_resolved,dynamic_confirmed,bigvul:180632,586d626957eb8d7a2df589975e6152b8071532e1
50557,0,1,cross_corpus_conflict_resolved,dynamic_confirmed,diversevul:5482_0559d60dee11,44838e895efbc774d74688862c015f6c2b524375
50558,0,1,cross_corpus_conflict_resolved,dynamic_confirmed,diversevul:5485_a683066af62c,5bde98951f3bd690fc893353231ebaa61df1be7c
50559,0,1,cross_corpus_conflict_resolved,dynamic_confirmed,diversevul:5488_ed0fbc8fef7e,c9076afb7549bfc3ea247843cf5e5f2ffa09a2e0
50560,0,1,cross_corpus_conflict_resolved,dynamic_confirmed,diversevul:5483_5da277565d28,20c829555cdbcd9b6e285e1f6e3f78f611adefb5
50561,0,1,cross_corpus_conflict_resolved,dynamic_confirmed,diversevul:5489_c2a223b1b26c,f8b5d28f4bc3dd7f51f95733ae4a00dc5792d7c7
50562,0,1,cross_corpus_conflict_resolved,dynamic_confirmed,diversevul:5484_73062b5f448d,d5e0bd576b9f777746c376fc7ae6689aad9c6ad8
50563,0,1,cross_corpus_conflict_resolved,dynamic_confirmed,diversevul:5487_e6252c4087a7,ec5af8255be60854738ccfe30ef4eae8eb8ecedb
50565,0,1,cross_corpus_conflict_resolved,dynamic_confirmed,diversevul:5486_5b153be8ce74,760c2be90df7a717b918e9e9936a00d58dc58d04
50566,0,1,cross_corpus_conflict_resolved,dynamic_confirmed,diversevul:5481_ba4534d20f4a,4b433ad71c3773bb612502e1a14026cdd32762ac
50917,0,1,cross_corpus_conflict_resolved,dynamic_confirmed,bigvul:183114,e4563aa7e0ede8f50bdd3a104bac37bb1cac3e3a
51210,0,1,cross_corpus_conflict_resolved,dynamic_confirmed,bigvul:182655,935b67fae4aaaa84f681bbd53f624743bfaed304
51913,0,1,cross_corpus_conflict_resolved,dynamic_confirmed,bigvul:180330,6300f60771ef56708c1978c086a881f7ec875820
52238,0,1,cross_corpus_conflict_resolved,dynamic_confirmed,bigvul:180536,eff9fd4b3e7ba15c7620d47bf9b2767c0885c3e1
52263,0,1,cross_corpus_conflict_resolved,dynamic_confirmed,bigvul:180537,6e28022efb8acc82acc8c44e752c1ad2aa6142e0
52266,0,1,cross_corpus_conflict_resolved,dynamic_confirmed,bigvul:180538,2faa1d68cc12eecff617fcece6139928c1106233
52273,0,1,cross_corpus_conflict_resolved,dynamic_confirmed,diversevul:15737_1112f69b20fb,9a528c83b5a5c423f9b6cc5efd911d766f8d9e39
52320,0,1,cross_corpus_conflict_resolved,dynamic_confirmed,bigvul:180543,36a1e62e9585d07c337516a4bdad6308576cc163
52326,0,1,cross_corpus_conflict_resolved,dynamic_confirmed,bigvul:180545,5b1f55a9aebe5b6e6438c6ce10d28dd65fec3ad8
52371,0,1,cross_corpus_conflict_resolved,dynamic_confirmed,bigvul:180547,cb678e2c8e7d830ddeb3d929c63bac4945d2ea3f
52375,0,1,cross_corpus_conflict_resolved,dynamic_confirmed,diversevul:15741_3a910d86305f,28354aa1435a486cca712f102aff9f54af65be91
52741,0,1,cross_corpus_conflict_resolved,dynamic_confirmed,bigvul:180791,f503fbc92a8e01f871a079c2dbab0fc114ac3bd1
52744,0,1,cross_corpus_conflict_resolved,dynamic_confirmed,bigvul:183141,9e8794a3a92e6a675ca313f9d8c9ffdf361bbbda
52745,0,1,cross_corpus_conflict_resolved,dynamic_confirmed,diversevul:4028_1bf1d0e6001d,28f533242d642a3e0fa788d24350501723c243a9
52826,0,1,cross_corpus_conflict_resolved,dynamic_confirmed,bigvul:182281,7753ce0cfea7250749e0be4f4e32c8ecd3283d37
53491,0,1,cross_corpus_conflict_resolved,dynamic_confirmed,bigvul:182102,15d74de22fe28bde22c92afa4a344332345275f4
53495,0,1,cross_corpus_conflict_resolved,dynamic_confirmed,bigvul:180926,569f6193fa5a7472d4b5e3b460c6a8d3facd63f5
53556,0,1,cross_corpus_conflict_resolved,dynamic_confirmed,bigvul:182656,02496af94e3c2589c787bfad4110215817e48fc6
53567,0,1,cross_corpus_conflict_resolved,dynamic_confirmed,bigvul:181936,886a9a1972e6eb145e2d6076f680aa647f65baaf
53657,0,1,cross_corpus_conflict_resolved,dynamic_confirmed,bigvul:179737,ae8e9faeb558c686cabb8c3995096054d0a4ca81
53915,0,1,cross_corpus_conflict_resolved,dynamic_confirmed,diversevul:3968_590fbec06c35,9f81a099e5f3dd4c72e74cc92daed958e00eb068
54007,0,1,cross_corpus_conflict_resolved,dynamic_confirmed,bigvul:180844,f2729e5268d6ba68479a7cceb749c0ce53fd711b
54350,0,1,cross_corpus_conflict_resolved,dynamic_confirmed,diversevul:15750_68fc8fcc708a,a56c7b94589933f48f6020d714de47b215c2841c
54351,0,1,cross_corpus_conflict_resolved,dynamic_confirmed,diversevul:15751_deb1747e77d9,81e27cb9c509c4359f924f37ac342e31683884c7
54353,0,1,cross_corpus_conflict_resolved,dynamic_confirmed,bigvul:181215,4bdd8ebabe17b3acf56bb6a8732fc49b2a99f425
54376,0,1,cross_corpus_conflict_resolved,dynamic_confirmed,bigvul:182523,5d9f9f58e8714b4ef59c1fa2c6304ab4a49bd571
54461,0,1,cross_corpus_conflict_resolved,dynamic_confirmed,bigvul:180942,a66317ee6d6b6cf07ad947a9dc6091ec89b9b7b0
54563,0,1,cross_corpus_conflict_resolved,dynamic_confirmed,bigvul:180729,315da531cd16e28edca286e704def186fe910a3e
54623,0,1,cross_corpus_conflict_resolved,dynamic_confirmed,bigvul:180409,691c69af7261a1224427288238bbb7532bdc7d0c
54627,0,1,cross_corpus_conflict_resolved,dynamic_confirmed,bigvul:180572,b13f6023b01c02ed25d99f9453a8a06dcb0318c4
54628,0,1,cross_corpus_conflict_resolved,dynamic_confirmed,bigvul:180573,57279da543740fd40f936d2276b871505af8a0f4
54629,0,1,cross_corpus_conflict_resolved,dynamic_confirmed,bigvul:180574,f9a6f6130b17c7ad2260c0cd14cecaa716efe04d
54630,0,1,cross_corpus_conflict_resolved,dynamic_confirmed,diversevul:3812_b3920e937b01,1b70b49eb40a4842c6f4fc419327f1d7285705d3
54632,0,1,cross_corpus_conflict_resolved,dynamic_confirmed,bigvul:180576,cdad656b4b1329510dd52f985b60b9a60a0c955f
54633,0,1,cross_corpus_conflict_resolved,dynamic_confirmed,bigvul:180578,7f07b06e58757ed909c70853eac80ac1ff598a50
54634,0,1,cross_corpus_conflict_resolved,dynamic_confirmed,bigvul:180579,2ee63f1d363ce358b2ff408783a3cf532efcba9d
54734,0,1,cross_corpus_conflict_resolved,dynamic_confirmed,diversevul:6574_118722ef8907,4e587d4108d62a1d71e3bfbd0617190914c6e589
54820,0,1,cross_corpus_conflict_resolved,dynamic_confirmed,bigvul:180428,c548453af1e4ab5c718b799c5529831a2c3bcb50
55120,0,1,cross_corpus_conflict_resolved,dynamic_confirmed,diversevul:9157_149a647f47a0,a6c4fb4cff375cf613c7759e7130e0dedfb36a8f
55183,0,1,cross_corpus_conflict_resolved,dynamic_confirmed,diversevul:9197_b6146443a455,ba695121c6e1ad0a80ea6e965b31df1d6342a522
55198,0,1,cross_corpus_conflict_resolved,dynamic_confirmed,bigvul:180845,7b7717f0642b4bb523e8165487c8dd00018fe91a
55247,0,1,cross_corpus_conflict_resolved,dynamic_confirmed,diversevul:3865_93ab2b7ef457,5580f9c8fdafb7e029bc33f6f043e1294f51f4eb
55432,0,1,cross_corpus_conflict_resolved,dynamic_confirmed,bigvul:180623,cbe7fbd5d488b9bda2ef658358e628df3ba09acb
55433,0,1,cross_corpus_conflict_resolved,dynamic_confirmed,diversevul:3758_42a3a905d1e0,eeb5bfe183fce3ec90afe2af16b9dcb624c2e6b0
55434,0,1,cross_corpus_conflict_resolved,dynamic_confirmed,diversevul:3757_c91f2562f071,840c34977bcbda12ce3ee44ac3817f4d3cd2f456
55842,0,1,cross_corpus_conflict_resolved,dynamic_confirmed,bigvul:180877,d8073a0b67b04e6ba215e5ab0a383835877af886
55847,0,1,cross_corpus_conflict_resolved,dynamic_confirmed,diversevul:10745_6f6461a3a6ef,6154c5c0c4a497d16a75a2f0b733c4ca54de1fce
55890,0,1,cross_corpus_conflict_resolved,dynamic_confirmed,diversevul:10742_b431cd7d0b29,b58d77f1c3d016a0b6b0d724f97f9d2989f8eb36
55894,0,1,cross_corpus_conflict_resolved,dynamic_confirmed,diversevul:10747_9b931f7d01ba,5304773be6bc7d5e96884ff5135ac230407490ca
55969,0,1,cross_corpus_conflict_resolved,dynamic_confirmed,diversevul:6375_a2c9768f8496,4ff79dae87412ff15876eab100cfa17489f4cd1e
55978,0,1,cross_corpus_conflict_resolved,dynamic_confirmed,diversevul:4681_d4798eb13ad9,860ac57c4c040f06923c64d2e8a479a4ca160c5c
56077,0,1,cross_corpus_conflict_resolved,dynamic_confirmed,diversevul:5077_fb9dcaf278d9,1fb64bc3e6c7b81ea2a55d18e2f4d57c2456abd5
56279,0,1,cross_corpus_conflict_resolved,dynamic_confirmed,diversevul:4418_a825e04f9615,624f5542872737563441ca03dfd2fd32f1a797ef
56313,0,1,cross_corpus_conflict_resolved,dynamic_confirmed,diversevul:4154_deee5e1ca216,d47ac9c71ba51164263e8db7b3ace28f22c777ba
56377,0,1,cross_corpus_conflict_resolved,dynamic_confirmed,diversevul:7851_1102c7447631,8f031787ee4e79ad42e5eece0896404c2bc84184
56504,0,1,cross_corpus_conflict_resolved,dynamic_confirmed,bigvul:182849,c0536bb3160237725c6be3f5475b69205e3e612b
56519,0,1,cross_corpus_conflict_resolved,dynamic_confirmed,diversevul:3929_bb25ee46e547,c7f6e116ff42637d59a3b831fff02fb6aa2e303d
56807,0,1,cross_corpus_conflict_resolved,dynamic_confirmed,bigvul:182131,876ec8ed3c15243abc5fb84769aa39143836cc62
57357,0,1,cross_corpus_conflict_resolved,dynamic_confirmed,diversevul:13749_a45999ebd99d,958b3d393d61c757ff3ae8b6ced10a547762ea67
57366,0,1,cross_corpus_conflict_resolved,dynamic_confirmed,diversevul:13748_a05d66256093,8f4b9341dcaa9b132a9d26af139113c66284e8db
57396,0,1,cross_corpus_conflict_resolved,dynamic_confirmed,diversevul:6821_543b4a218d3a,4b3686bb09d115912bdf8e9174eff8ae3a2ea0f2
57422,0,1,cross_corpus_conflict_resolved,dynamic_confirmed,bigvul:180881,c2d731895bd54ff2daea41d8039fded8d1240222
57597,0,1,cross_corpus_conflict_resolved,dynamic_confirmed,diversevul:6140_79a99c0963f3,780207d7aca7b8d37dbd3c194564bb7039324ce5
57605,0,1,cross_corpus_conflict_resolved,dynamic_confirmed,diversevul:4769_f6e2b68aea74,605f9254d4e83de758e338d84927aea14ed2c9aa
57614,0,1,cross_corpus_conflict_resolved,dynamic_confirmed,bigvul:181445,aac2688d7e63b2d0a40efffd77c129961d94d90a
57617,0,1,cross_corpus_conflict_resolved,dynamic_confirmed,diversevul:6083_cec836988738,a37ffa6de61c96535c0095d30b5d59b6b531d826
57820,0,1,cross_corpus_conflict_resolved,dynamic_confirmed,diversevul:15720_730ae1bbd9d6,7bc4e435cd16dc724a006caaed4ec7afb3e6dc0d
57828,0,1,cross_corpus_conflict_resolved,dynamic_confirmed,bigvul:180761,a9ce67e7923fc6fb95a49a5e1dbfb674b0bc40e3
58071,0,1,cross_corpus_conflict_resolved,dynamic_confirmed,diversevul:4321_bfb6cc7dedbb,c45871851df4e73c68932892b09fc6d5b0925dfe
58251,0,1,cross_corpus_conflict_resolved,dynamic_confirmed,bigvul:179605,3c4be4036a744d3f8e9c6a21eb64ff458ec632a1
58506,0,1,cross_corpus_conflict_resolved,dynamic_confirmed,diversevul:10781_0e2fa86e9029,b407a8b51cd3555ae241d916417ea163c2695180
58680,0,1,cross_corpus_conflict_resolved,dynamic_confirmed,diversevul:14538_4a6dc80c96c6,233950cd9cfa44becce9d1e881829947a6934943
59045,0,1,cross_corpus_conflict_resolved,dynamic_confirmed,bigvul:180805,ad99ab6095f334b69f9b9906731206ada76f2000
59100,0,1,cross_corpus_conflict_resolved,dynamic_confirmed,diversevul:6332_07ddd02e9eb6,54ab2981a69a41ef29b8f5d85b49d97788398d53
59102,0,1,cross_corpus_conflict_resolved,dynamic_confirmed,bigvul:180817,88e636efa3151e83022fa25762ebdc6408bc1b14
59104,0,1,cross_corpus_conflict_resolved,dynamic_confirmed,diversevul:13844_517b74d5e8ab,99ca2ca1a5273022915910802cd147fed70d2197
59122,0,1,cross_corpus_conflict_resolved,dynamic_confirmed,bigvul:180813,9b1e2ae89f19b2e83e152cd9d31ae8b7b059209b
59126,0,1,cross_corpus_conflict_resolved,dynamic_confirmed,primevul:2366,5cc1c9c5b6e02cbcd5dce6d78471ff9ebafc254c
59131,0,1,cross_corpus_conflict_resolved,dynamic_confirmed,diversevul:15275_eda73abcf242,6c652b7acb2624d3dfb8807baf850410620db325
59168,0,1,cross_corpus_conflict_resolved,dynamic_confirmed,bigvul:180814,c8fe5e7b527b1bd175168eb15533254978de252f
59191,0,1,cross_corpus_conflict_resolved,dynamic_confirmed,diversevul:6332_07ddd02e9eb6,54ab2981a69a41ef29b8f5d85b49d97788398d53
59311,0,1,cross_corpus_conflict_resolved,dynamic_confirmed,bigvul:180813,9b1e2ae89f19b2e83e152cd9d31ae8b7b059209b
59313,0,1,cross_corpus_conflict_resolved,dynamic_confirmed,bigvul:180829,6499c7c115d360ce988a2ac7606bf49d4e80cfa8
59735,0,1,cross_corpus_conflict_resolved,dynamic_confirmed,diversevul:6290_7e344192c4ed,612fbec3be6fbaef5b977aa1bcafc086db844571
59747,0,1,cross_corpus_conflict_resolved,dynamic_confirmed,diversevul:6281_caae0dab3896,70423116437e1fc568cd29595b86b13c2c12cc38
59788,0,1,cross_corpus_conflict_resolved,dynamic_confirmed,diversevul:9718_65725fea4ad3,413596bcaf90a049f9949da29a51b691123c42e2
59879,0,1,cross_corpus_conflict_resolved,dynamic_confirmed,diversevul:10076_286c5c4cd89f,efbfd75cc84b5b9b2fca4a5206afffda8d12b5c6
60225,0,1,cross_corpus_conflict_resolved,dynamic_confirmed,diversevul:6068_e9a58ae82974,a356c34f3d757cbb48f544b648e2b61199feae49
60280,0,1,cross_corpus_conflict_resolved,dynamic_confirmed,bigvul:180819,da7ee085eb6422f0aaf31b9c0b0ac4e60bd9668c
60281,0,1,cross_corpus_conflict_resolved,dynamic_confirmed,bigvul:180820,73955bd1a8eb060764ef2b2284b04be1bca31315
60309,0,1,cross_corpus_conflict_resolved,dynamic_confirmed,diversevul:16131_516197c043d9,0ccd194583cb8eaf1dc62953be29225cd6c5f028
60310,0,1,cross_corpus_conflict_resolved,dynamic_confirmed,bigvul:180883,f43de330275fa956575db2127abe6585e6fbee0c
60458,0,1,cross_corpus_conflict_resolved,dynamic_confirmed,bigvul:180884,37895e75887279d92ef5a92e74ac22f3897ca8b7
60582,0,1,cross_corpus_conflict_resolved,dynamic_confirmed,diversevul:6367_25654edce5ae,5d758d54de44e64da5d2c7d5def656e9a6b80be7
60759,0,1,cross_corpus_conflict_resolved,dynamic_confirmed,diversevul:6873_4502f4159df2,d5e9c3d378129aaef18d0a328720e0ea8000c071
60768,0,1,cross_corpus_conflict_resolved,dynamic_confirmed,diversevul:7537_b6e76879cb53,7effcb65afb4e03c6cfb283e5f97478441c2d595
60776,0,1,cross_corpus_conflict_resolved,dynamic_confirmed,diversevul:7536_8de7cd086454,ce92895decbe1b0a5a6b7e3c6e5a652925e4da8b
61226,0,1,cross_corpus_conflict_resolved,dynamic_confirmed,diversevul:6110_71bbd5af3963,861552b66d9bc4cc08da359af212004b93fa3a20
61824,0,1,cross_corpus_conflict_resolved,dynamic_confirmed,bigvul:180930,784f2511f90c5fa4fdaf4a5f3779648ce3aeff17
61909,0,1,cross_corpus_conflict_resolved,dynamic_confirmed,bigvul:180951,3ad0a2844759f7211fb7a8d262942eec20a2c011
61926,0,1,cross_corpus_conflict_resolved,dynamic_confirmed,diversevul:14242_6d91b3273312,90a4ef03af886afd7c26842094a3ce21bf8d14b1
61960,0,1,cross_corpus_conflict_resolved,dynamic_confirmed,diversevul:9398_b4737ca6b05a,f2581ca347bc624f9581d3d0eef6ccf31c6bfaba
61968,0,1,cross_corpus_conflict_resolved,dynamic_confirmed,diversevul:9393_214439b4b66c,2eba6bba231ff0e1b685ddc8a0001c1175755274
61994,0,1,cross_corpus_conflict_resolved,dynamic_confirmed,bigvul:183014,7eec35170d2b4fb1cc65f5fc7f3d1c2777631866
62018,0,1,cross_corpus_conflict_resolved,dynamic_confirmed,diversevul:14248_fd59bb93728a,ac39cbe5c9fa9646582c257a8c1eafec4a630286
62023,0,1,cross_corpus_conflict_resolved,dynamic_confirmed,bigvul:180966,fb097c77ce1e9f27fbb05f72ba44b908741e9a82
62025,0,1,cross_corpus_conflict_resolved,dynamic_confirmed,bigvul:180968,e8328e7519a1331b5e936eeacb265d0f017bffbb
62026,0,1,cross_corpus_conflict_resolved,dynamic_confirmed,bigvul:180969,0053118912d7f734a20cbc690a0c25bb50f632a9
62028,0,1,cross_corpus_conflict_resolved,dynamic_confirmed,bigvul:180971,5b63fcf9c61967ca3e6a7cd04c6b5908b4096f02
62029,0,1,cross_corpus_conflict_resolved,dynamic_confirmed,bigvul:180972,7e1c579bea0aed4cd8018de84bfe6b12b76eac2a
62030,0,1,cross_corpus_conflict_resolved,dynamic_confirmed,diversevul:14256_7ad17e8986a8,437827e07f2e8598681d775b93b13efbf23b583f
62031,0,1,cross_corpus_conflict_resolved,dynamic_confirmed,bigvul:180974,81b929ac7f33d1c689a9aaa2774265b306cdfed0
62040,0,1,cross_corpus_conflict_resolved,dynamic_confirmed,bigvul:182888,3cd8453f6cbbb5246d4f1497c9e1449443da5b43
62116,0,1,cross_corpus_conflict_resolved,dynamic_confirmed,diversevul:17510_6c5bd3aebaab,2198210179d3143e0f72c8d888e633a39fe1cafa
62244,0,1,cross_corpus_conflict_resolved,dynamic_confirmed,bigvul:182990,b2a86bca050ec630fc60c8060b287869a194fd02
62245,0,1,cross_corpus_conflict_resolved,dynamic_confirmed,bigvul:183005,f374ee9059285107d298f837db2ba723e049a449
62288,0,1,cross_corpus_conflict_resolved,dynamic_confirmed,bigvul:180990,86dc3b39c14c89fb5c2a234fab460c1f2a5d21d0
62289,0,1,cross_corpus_conflict_resolved,dynamic_confirmed,bigvul:181004,d73fd4a88e8f722cb47289c9f8436d37346d8a02
62290,0,1,cross_corpus_conflict_resolved,dynamic_confirmed,bigvul:180992,e4578b6248de0c46f674d0546c8ee2c68a75c192
62299,0,1,cross_corpus_conflict_resolved,dynamic_confirmed,primevul:9634,4debe2e94aece9619249b6090b244fb9d4568bf0
62301,0,1,cross_corpus_conflict_resolved,dynamic_confirmed,bigvul:181003,5ac6ec5ea7ea2da1fc93eb14eb954d3c29a50ec5
62314,0,1,cross_corpus_conflict_resolved,dynamic_confirmed,bigvul:183000,794086152ae1d5577be9d984cd63f02bc93a2233
62315,0,1,cross_corpus_conflict_resolved,dynamic_confirmed,diversevul:8792_458b70877602,92bcf947e6bc921c564c5e63585f6d4d5c841efc
62316,0,1,cross_corpus_conflict_resolved,dynamic_confirmed,bigvul:183002,e17c6e2afbbde7b6204fed2e36e496bf190ba25c
62317,0,1,cross_corpus_conflict_resolved,dynamic_confirmed,bigvul:183003,c56977b89b6cb98795febeb118264c9dd32af120
62318,0,1,cross_corpus_conflict_resolved,dynamic_confirmed,bigvul:183004,59bf62a4189065d4b94855dce5379c3a9f7fb208
62325,0,1,cross_corpus_conflict_resolved,dynamic_confirmed,bigvul:180976,abb93e6851ff3405102ce894142d8e41ca89618a
62328,0,1,cross_corpus_conflict_resolved,dynamic_confirmed,diversevul:10554_a4697ec22fa4,f5e117ac36bd924159d546d8983e347a86f0c067
62347,0,1,cross_corpus_conflict_resolved,dynamic_confirmed,bigvul:183006,0377f79f1506a0fc9521f526fe3e1d17afdd9c82
62348,0,1,cross_corpus_conflict_resolved,dynamic_confirmed,diversevul:16843_255f5e20440c,f675c7ce1b03c524037aff26c4be911d1881b2c1
62356,0,1,cross_corpus_conflict_resolved,dynamic_confirmed,bigvul:181016,f97199376ed010d08b39e9daba9dcc83f472f5d9
62357,0,1,cross_corpus_conflict_resolved,dynamic_confirmed,diversevul:17077_54ece1167bd1,46d4ca74886f84a4e2d408776bf2d96f8f4a9414
62359,0,1,cross_corpus_conflict_resolved,dynamic_confirmed,bigvul:181020,24cc1b41f74dd294281e5dfd59656d0ab5ed4993
62361,0,1,cross_corpus_conflict_resolved,dynamic_confirmed,bigvul:181018,338b035c64b170fa95049bcdb22844d5b754edbb
62363,0,1,cross_corpus_conflict_resolved,dynamic_confirmed,bigvul:181006,22744c1ba55b74f952e8f1fe4e5b2c75e92c9c3e
62366,0,1,cross_corpus_conflict_resolved,dynamic_confirmed,bigvul:181036,268ad22e93e15696b2888f31b11ea8ea95d2d4a5
62367,0,1,cross_corpus_conflict_resolved,dynamic_confirmed,bigvul:181037,cf717e43e400006c33f36e33f4c2d396876aae37
62402,0,1,cross_corpus_conflict_resolved,dynamic_confirmed,bigvul:181040,38523d0aaa92f284d3a1cd95708af346d05e632e
62423,0,1,cross_corpus_conflict_resolved,dynamic_confirmed,bigvul:182993,915bd78f7fe75b6f623c4f3aab279b885199a66e
62449,0,1,cross_corpus_conflict_resolved,dynamic_confirmed,diversevul:17307_0e95ab640ba8,631cbdc7d34ba74a5b1c594af3972c4955faf17e
62480,0,1,cross_corpus_conflict_resolved,dynamic_confirmed,bigvul:181075,081c81d77e8c2dcdee8f1ead7896a2e73d19c923
62481,0,1,cross_corpus_conflict_resolved,dynamic_confirmed,diversevul:13593_72ff85212776,9418cd0bc6110bd7a70ba70c608a15401ce887e6
62482,0,1,cross_corpus_conflict_resolved,dynamic_confirmed,bigvul:181081,83aceb88204ae2d4eeb19d095edc57e172c64e0c
62483,0,1,cross_corpus_conflict_resolved,dynamic_confirmed,bigvul:181035,8730fa954429c96f5bea24c5e2aa22c123078d31
62484,0,1,cross_corpus_conflict_resolved,dynamic_confirmed,bigvul:181025,bf1ab7c5a14bd055f509ca53b957277db87ce69a
62485,0,1,cross_corpus_conflict_resolved,dynamic_confirmed,bigvul:181026,d92929eb8b0edfa0915b8d0ae2fa952256e96019
62487,0,1,cross_corpus_conflict_resolved,dynamic_confirmed,diversevul:16254_9bf229fea4a8,e53db8fc0934ab93e47104d98df059f84c44a545
62509,0,1,cross_corpus_conflict_resolved,dynamic_confirmed,bigvul:181011,12a713354dfada27832fc7580244593821447091
62511,0,1,cross_corpus_conflict_resolved,dynamic_confirmed,bigvul:181014,a01b13a4af79fc56109e6bb9bb50a82b80d359a3
62512,0,1,cross_corpus_conflict_resolved,dynamic_confirmed,bigvul:181015,5a2242f9e6469847ca33e4c78446499781b07a6f
62530,0,1,cross_corpus_conflict_resolved,dynamic_confirmed,bigvul:183382,68e641bb8c853b9157beaf8c1aaca5a959428650
62546,0,1,cross_corpus_conflict_resolved,dynamic_confirmed,diversevul:17104_7e2a0d9ef7ce,4dcb05004c3f7fe64df3e8eb9a4a671f507d46fc
62547,0,1,cross_corpus_conflict_resolved,dynamic_confirmed,bigvul:181082,b7cee2f1cefd1375474d79abe3e8e4624b6ea714
62549,0,1,cross_corpus_conflict_resolved,dynamic_confirmed,bigvul:181107,94371b700129d56b5c85ce5c857c7d8cf24a5f14
62550,0,1,cross_corpus_conflict_resolved,dynamic_confirmed,bigvul:181108,e28f9aed67a2ea71196ef449706f9fb7383e5d95
62551,0,1,cross_corpus_conflict_resolved,dynamic_confirmed,bigvul:181078,760e0172cb422d9ab2f33c1743f91c2ce43c7e6d
62577,0,1,cross_corpus_conflict_resolved,dynamic_confirmed,bigvul:181080,78d46608139ed9caac378eea958c76672f8130e7
62578,0,1,cross_corpus_conflict_resolved,dynamic_confirmed,bigvul:181088,94cb6d595372217d57c8c26482d8a64286762594
62579,0,1,cross_corpus_conflict_resolved,dynamic_confirmed,bigvul:181090,48d3bf565227edddcc60e3b680f1e04d054ca2ad
62580,0,1,cross_corpus_conflict_resolved,dynamic_confirmed,bigvul:181091,ba3b467b106a039e27890ad08f592199a6466be3
62581,0,1,cross_corpus_conflict_resolved,dynamic_confirmed,bigvul:181092,c0ccca24bf4a73c0ba441bc1ebc2a51cd8ab0dd6
62582,0,1,cross_corpus_conflict_resolved,dynamic_confirmed,bigvul:181093,f84d7d30c49394f986967f9091d52872bd9bd78d
62586,0,1,cross_corpus_conflict_resolved,dynamic_confirmed,bigvul:181032,62c9a084c097cceac4e3ac76a5c0e7ca7d7a42b2
62619,0,1,cross_corpus_conflict_resolved,dynamic_confirmed,diversevul:8827_36f006218128,e7eea98048ca0bb4b67cf591130b31d01968f7af
62736,0,1,cross_corpus_conflict_resolved,dynamic_confirmed,diversevul:9456_f11b8e1df670,c1ce9eaae04b025bc24acaabd832124a22f53c26
62747,0,1,cross_corpus_conflict_resolved,dynamic_confirmed,bigvul:180986,4b5216e7beb2fe98c8396226c3896f37314af8ea
62748,0,1,cross_corpus_conflict_resolved,dynamic_confirmed,bigvul:181151,583335d132417643e522bd53c8554b799616a72d
62974,0,1,cross_corpus_conflict_resolved,dynamic_confirmed,bigvul:182345,b9981b665763162b0c9dce6e75b312d0b4d2102f
62976,0,1,cross_corpus_conflict_resolved,dynamic_confirmed,bigvul:182347,b22fe04df82c2b11282af510c46760e148f08a4b
63001,0,1,cross_corpus_conflict_resolved,dynamic_confirmed,bigvul:182348,ed10d583f2d68bf3f3fdc95360b998fff6ac0f4a
63901,0,1,cross_corpus_conflict_resolved,dynamic_confirmed,diversevul:5889_7bff7a0ebe89,17a6e554f7d9629b4c63cc20f1e6acbba960a60d
63937,0,1,cross_corpus_conflict_resolved,dynamic_confirmed,bigvul:183215,94c554328a4c1f0e4e28a2deba86afc5577e993b
64166,0,1,cross_corpus_conflict_resolved,dynamic_confirmed,bigvul:181261,249a810eda912400d5adb1428c7b0fcc6b684a79
64603,0,1,cross_corpus_conflict_resolved,dynamic_confirmed,bigvul:181270,450eec956168884639ca496fe60bb6e1048a2db5
64693,0,1,cross_corpus_conflict_resolved,dynamic_confirmed,diversevul:9108_8777bac27eaf,bfd36aedd0f31a2a08e048246c72e350bf5838b2
64722,0,1,cross_corpus_conflict_resolved,dynamic_confirmed,bigvul:181280,18195dc4e0c422c2603b60eec655ae593e9785dc
65025,0,1,cross_corpus_conflict_resolved,dynamic_confirmed,bigvul:180809,c1016dc63e78cbec1316b908083c7fc9f78275b1
65180,0,1,cross_corpus_conflict_resolved,dynamic_confirmed,bigvul:181278,5ea8cb5b2bf145b939b67d7bf7873ed7366821bc
65385,0,1,cross_corpus_conflict_resolved,dynamic_confirmed,diversevul:7513_cbea0c01f63b,e68ed4afc6f38e69bd620affc7cc79dc33cc2a52
66319,0,1,cross_corpus_conflict_resolved,dynamic_confirmed,bigvul:181271,1c9d1567587ef7a48021888ea162c21dd6f9812c
66580,0,1,cross_corpus_conflict_resolved,dynamic_confirmed,diversevul:11674_63e344566001,83d9d8eed08951a3780e4aa448898c720721a451
66591,0,1,cross_corpus_conflict_resolved,dynamic_confirmed,diversevul:11673_999b08fc7f40,87de0cadc02aef233f072005c8988bb0ed0c59d8
66631,0,1,cross_corpus_conflict_resolved,dynamic_confirmed,diversevul:9048_20dcb1330a27,b16ca84106320a01b722a58a8bfe8352cbbd9fcd
66838,0,1,cross_corpus_conflict_resolved,dynamic_confirmed,bigvul:182399,ab2be957a379a5521a10fc545c83c4afab404eef
66923,0,1,cross_corpus_conflict_resolved,dynamic_confirmed,bigvul:181419,e5ba43faa12c7b71941d24834ecce6f70381a9f8
67739,0,1,cross_corpus_conflict_resolved,dynamic_confirmed,bigvul:182377,bc5449670d154028748742b26524ae1b88632b87
67811,0,1,cross_corpus_conflict_resolved,dynamic_confirmed,bigvul:180835,f5c6863f9e62a299a7f9c80cdcf82e8d8102af3f
68135,0,1,cross_corpus_conflict_resolved,dynamic_confirmed,bigvul:181512,c8c7ad7562242893a24ba3c5e9b1cb194e1fd637
68185,0,1,cross_corpus_conflict_resolved,dynamic_confirmed,bigvul:180927,40b5f183c91b0b5e47d86934ab84465120c8ddfc
68231,0,1,cross_corpus_conflict_resolved,dynamic_confirmed,bigvul:181513,0bdeae5ef5baffd776bf3086b69188df1ccc4822
68262,0,1,cross_corpus_conflict_resolved,dynamic_confirmed,bigvul:181522,73930bba72753723af4e9b474f1e893792501a55
68287,0,1,cross_corpus_conflict_resolved,dynamic_confirmed,diversevul:5239_80026d1686bb,29486f21044434736caaa7a27d2ebae55eafd9bb
68343,0,1,cross_corpus_conflict_resolved,dynamic_confirmed,bigvul:182550,3d1a7300c1b2782681fdbf27e33c9f56cf2bfc74
68466,0,1,cross_corpus_conflict_resolved,dynamic_confirmed,bigvul:181517,f3f535a83f3dacb848fd543b7376f69ab01ea5e4
69050,0,1,cross_corpus_conflict_resolved,dynamic_confirmed,diversevul:5725_a128eab2f51f,e8b4ba7a32a5b498fb5810f8ef32750199f0bfe8
69055,0,1,cross_corpus_conflict_resolved,dynamic_confirmed,bigvul:181574,0ca5359c23b70c398d6802924962211af2bda48b
69056,0,1,cross_corpus_conflict_resolved,dynamic_confirmed,bigvul:181578,9ba4bea7a1fa0cf24ee2efac59ecd5f8a725a722
69527,0,1,cross_corpus_conflict_resolved,dynamic_confirmed,bigvul:180066,e942035c7b89b7640d8b5b83eca021079cb8569b
69545,0,1,cross_corpus_conflict_resolved,dynamic_confirmed,bigvul:179749,6b25751ab232c19df16599a7653f18b0996eb6c8
70094,0,1,cross_corpus_conflict_resolved,dynamic_confirmed,bigvul:182938,1ad22a5e9c40b687d6370e82406c9a31dbc247e3
70177,0,1,cross_corpus_conflict_resolved,dynamic_confirmed,diversevul:18420_1cfabcfb73fa,f47fa76f0f72531aed09ef7893b26100bb74496e
70181,0,1,cross_corpus_conflict_resolved,dynamic_confirmed,diversevul:18421_d9bb34ba2d58,0eb3bce78c7df1fa494d6f6f5902e76b3ebcfd44
70270,0,1,cross_corpus_conflict_resolved,dynamic_confirmed,bigvul:181704,bb5976257f3af4831ac20d8891ae3585f92ca835
70301,0,1,cross_corpus_conflict_resolved,dynamic_confirmed,diversevul:18413_a85f6fdebca1,66cc089cdae79468b1c86ecb1061814f128db567
70302,0,1,cross_corpus_conflict_resolved,dynamic_confirmed,diversevul:18411_2e36f749026d,f5696ce424523e1cc253b7570e8cdfb39b60bb0a
70303,0,1,cross_corpus_conflict_resolved,dynamic_confirmed,diversevul:18412_4e30c8ac1048,e7ab69f8fe448ba504f6b2b493b50fb72440f3de
70334,0,1,cross_corpus_conflict_resolved,dynamic_confirmed,diversevul:18410_a8b9d570edd5,5b8a688302dd43070a0cadf58bb3f68a58c3674c
70337,0,1,cross_corpus_conflict_resolved,dynamic_confirmed,diversevul:18423_b625bc3511bc,f31dd94bdfebbddda73758a66916e7ff4ece2121
70364,0,1,cross_corpus_conflict_resolved,dynamic_confirmed,bigvul:182612,152fc394597124781fd1adf33652f1c8689c2312
70366,0,1,cross_corpus_conflict_resolved,dynamic_confirmed,diversevul:5038_f5d77f77a87c,80ab685b9111428c5f7dc0534e6a809143aea6b1
70369,0,1,cross_corpus_conflict_resolved,dynamic_confirmed,bigvul:181489,f49d38ab8e63ab15320632f7f2129a1733c90479
70372,0,1,cross_corpus_conflict_resolved,dynamic_confirmed,diversevul:5395_a4a87e063a9c,23dc7c5fc6d831dad63ff64fedd7c732d93d077b
70374,0,1,cross_corpus_conflict_resolved,dynamic_confirmed,diversevul:5392_d05fa558931b,1fe34f127f1b2245fe236d0e81402c9dc752b2e2
70385,0,1,cross_corpus_conflict_resolved,dynamic_confirmed,diversevul:4753_1bdd55aa26e9,bbf73bf2fdbe067c1ae0b175e80baa3da0f7e8a8
70388,0,1,cross_corpus_conflict_resolved,dynamic_confirmed,bigvul:181869,90d54569220571034b4cb336ed3a01bd2035c662
70389,0,1,cross_corpus_conflict_resolved,dynamic_confirmed,diversevul:4834_43a5d8f50c5e,f3c909fb5a3ce3747caa4c4727417df7e00bd5da
70390,0,1,cross_corpus_conflict_resolved,dynamic_confirmed,bigvul:181871,42e3679170b9e49cfe68471e0cd233fe5e03d39b
70391,0,1,cross_corpus_conflict_resolved,dynamic_confirmed,bigvul:181872,d519fa3e0b9d7f765d6f52e10fde3a331543f0a0
70392,0,1,cross_corpus_conflict_resolved,dynamic_confirmed,bigvul:181873,5d12469a5da54dfd2d8030c95b3e2bc8247f0862
70393,0,1,cross_corpus_conflict_resolved,dynamic_confirmed,bigvul:181874,68e37b28bb84e151474db1ba162bc9623ee31ede
70395,0,1,cross_corpus_conflict_resolved,dynamic_confirmed,diversevul:4810_1acc0ba71d7a,df257ba7f47e9846273962e49ea4b96e89e726df
70396,0,1,cross_corpus_conflict_resolved,dynamic_confirmed,bigvul:181877,b70b38e8ebc3c3585b513ccf7f54c41b0c5f14cc
70397,0,1,cross_corpus_conflict_resolved,dynamic_confirmed,bigvul:181878,506da8295a13cceaa02ecd3cdd5d1f7f79ae1053
70398,0,1,cross_corpus_conflict_resolved,dynamic_confirmed,bigvul:181879,01611a17a1f877102f197cdef4fcb399fcdd1b9b
70399,0,1,cross_corpus_conflict_resolved,dynamic_confirmed,bigvul:181880,21fbfa7f89cfd641bab6797689da5f9540ba0972
70400,0,1,cross_corpus_conflict_resolved,dynamic_confirmed,bigvul:181881,7ba18e310104f57b767589a43d01ec3843e3aba1
70401,0,1,cross_corpus_conflict_resolved,dynamic_confirmed,bigvul:181882,6d21f1ea28d02c78a38f882428bf18ed1653d7c5
70403,0,1,cross_corpus_conflict_resolved,dynamic_confirmed,bigvul:181907,f6b02ba24317fac897a304368f00ffd50977e18a
70421,0,1,cross_corpus_conflict_resolved,dynamic_confirmed,diversevul:5996_370f885bce65,d3e9e33a469330a356673e120829fa34b779c44f
70436,0,1,cross_corpus_conflict_resolved,dynamic_confirmed,bigvul:181914,0458b20a97df3d059484561d9d5b1c4b5cae87dc
70439,0,1,cross_corpus_conflict_resolved,dynamic_confirmed,diversevul:5994_b184e8739818,cde2c6630e116c16702142a7bd4d8db81e8aaa03
70441,0,1,cross_corpus_conflict_resolved,dynamic_confirmed,diversevul:4793_2d66c756a473,2413b66f9590a5d3102644328fea3e59865783f3
70443,0,1,cross_corpus_conflict_resolved,dynamic_confirmed,diversevul:4862_b0a9ab2523cf,98f3eb03ae415bdcd5e9805992d9e44b8cbd90d5
70447,0,1,cross_corpus_conflict_resolved,dynamic_confirmed,bigvul:181891,9f82ac6535a901d4d7b2e29e41400de9d0351dd4
70777,0,1,cross_corpus_conflict_resolved,dynamic_confirmed,bigvul:181663,a7acc92496742f95950dba1988a444609d2b274a
70841,0,1,cross_corpus_conflict_resolved,dynamic_confirmed,bigvul:181173,48dd8fae5e5cc70700b1a7571350d28006778208
70883,0,1,cross_corpus_conflict_resolved,dynamic_confirmed,diversevul:7562_c38cafe569fd,b04f17f6bdbbdc5c49404fa872fc704a48cd7b7f
70891,0,1,cross_corpus_conflict_resolved,dynamic_confirmed,diversevul:12678_f2dbd2dfb924,6806505d2b528c5f30e3b5af925f1294858f0cf8
70909,0,1,cross_corpus_conflict_resolved,dynamic_confirmed,bigvul:181681,f0a5307e0042e9aff9b3967c683d193339b010d8
71308,0,1,cross_corpus_conflict_resolved,dynamic_confirmed,bigvul:180928,d8086c4788059ac1f656d87eb31a2fa6c9a59f61
71577,0,1,cross_corpus_conflict_resolved,dynamic_confirmed,bigvul:181697,2624113d93591bc51baba056331e70c0e5848a87
71592,0,1,cross_corpus_conflict_resolved,dynamic_confirmed,bigvul:181804,28d59ecd0cb7569e1fae61cd372257681ea420ea
71648,0,1,cross_corpus_conflict_resolved,dynamic_confirmed,bigvul:181976,82c348221a87a8e7e378363be2f922d619134a23
71661,0,1,cross_corpus_conflict_resolved,dynamic_confirmed,bigvul:181961,30a8a2f516aa5f7da4300540d05ae1b4e7a0382f
71662,0,1,cross_corpus_conflict_resolved,dynamic_confirmed,diversevul:4654_72a05148a81b,735f2466dab84bd97dbaa831913f70bbe4114f4b
71698,0,1,cross_corpus_conflict_resolved,dynamic_confirmed,diversevul:14504_7b40bb6047af,d6c17183190135d10042cfde99cda1736649d29a
71850,0,1,cross_corpus_conflict_resolved,dynamic_confirmed,bigvul:181974,62838259448cf33c9bbf0f75c158b7073d5b9e2d
71851,0,1,cross_corpus_conflict_resolved,dynamic_confirmed,bigvul:181975,f26b9ca3908ef3e57e9d60aff40aafc93cc8f9d8
71891,0,1,cross_corpus_conflict_resolved,dynamic_confirmed,bigvul:181808,6e2c816bb48b4e14dc6509b50d3f0334bbbe4ff7
71892,0,1,cross_corpus_conflict_resolved,dynamic_confirmed,bigvul:181809,b9ff19a21b181ca117f6d15214f9d98ee3828c2b
71897,0,1,cross_corpus_conflict_resolved,dynamic_confirmed,diversevul:14386_ae644c4a62a7,35d8b3eaa66b68af08578357cd88e816f9945a9d
71902,0,1,cross_corpus_conflict_resolved,dynamic_confirmed,primevul:3247,6f05c280bad7795c5725b36c55a6051981b62124
71910,0,1,cross_corpus_conflict_resolved,dynamic_confirmed,diversevul:5833_104302a8d2d9,bf71866dee27e95a2740f1d656c4270beb9771b8
71911,0,1,cross_corpus_conflict_resolved,dynamic_confirmed,diversevul:17486_9f5ada420f3a,fba92da92af016c4536f305ea1710db48e39e0a4
72071,0,1,cross_corpus_conflict_resolved,dynamic_confirmed,diversevul:6843_48bd104ca492,4d5964c1f8700bc41fe3c19aebc17fff5891c7ac
72458,0,1,cross_corpus_conflict_resolved,dynamic_confirmed,primevul:3237,a89ce8db9767ed7ba95c6aa9e6f2abdfef7b8216
72568,0,1,cross_corpus_conflict_resolved,dynamic_confirmed,diversevul:11661_ca32e26c2bcd,c03e4e645974634ac2b6f0f1a5b6072d79d85d88
72658,0,1,cross_corpus_conflict_resolved,dynamic_confirmed,diversevul:5058_328a4f2d7b93,55e42ec6c222e576422d7cf73fe17f45bd958c01
72664,0,1,cross_corpus_conflict_resolved,dynamic_confirmed,bigvul:183210,91f5c3d8e611be6fdeb52d2498c0f9ea3abbf8ac
72844,0,1,cross_corpus_conflict_resolved,dynamic_confirmed,diversevul:4850_0965693619fe,41a4db27ee0c01ca3ea902fdfaf04720c9fbea89
72890,0,1,cross_corpus_conflict_resolved,dynamic_confirmed,diversevul:5133_76388ff8126e,ab1b790ec28790c6005a7c574968497831706dae
72903,0,1,cross_corpus_conflict_resolved,dynamic_confirmed,diversevul:4794_56f09e6c5c43,0c328019c87ba4bc8a3c54a7fae012b742bfebf4
72904,0,1,cross_corpus_conflict_resolved,dynamic_confirmed,diversevul:4862_b0a9ab2523cf,98f3eb03ae415bdcd5e9805992d9e44b8cbd90d5
72985,0,1,cross_corpus_conflict_resolved,dynamic_confirmed,diversevul:4805_5bd045b16030,2315ede21c680f324b25bbc531660b7ae008604b
72999,0,1,cross_corpus_conflict_resolved,dynamic_confirmed,bigvul:181908,0d9d6dcf8f47cc482e405534f2635054cdd17416
73001,0,1,cross_corpus_conflict_resolved,dynamic_confirmed,diversevul:4794_56f09e6c5c43,0c328019c87ba4bc8a3c54a7fae012b742bfebf4
73002,0,1,cross_corpus_conflict_resolved,dynamic_confirmed,bigvul:181863,e5e0f841c9362a7b8aead82b7d810bcfef079bb4
73005,0,1,cross_corpus_conflict_resolved,dynamic_confirmed,bigvul:181866,0abb4ea72f87f4143aeeb9792bec00028d82183e
73006,0,1,cross_corpus_conflict_resolved,dynamic_confirmed,bigvul:181867,a39718ccdb895a69886049e199f54ac17c11d134
73011,0,1,cross_corpus_conflict_resolved,dynamic_confirmed,bigvul:181868,71248123ff4fedfbcddc56939798f742f39dfd97
73019,0,1,cross_corpus_conflict_resolved,dynamic_confirmed,diversevul:15255_31cce374c03c,71e957196b4a4877d921b9a6835131be2194832d
73182,0,1,cross_corpus_conflict_resolved,dynamic_confirmed,diversevul:3195_f6855224ea4d,bc9d0b9662640eb62c002d81512f1112d1821bdb
73220,0,1,cross_corpus_conflict_resolved,dynamic_confirmed,diversevul:776_465833c69bdc,440c43bd2b0f49f1a60e985745f633e0772923f2
73221,0,1,cross_corpus_conflict_resolved,dynamic_confirmed,diversevul:777_28a17870eae1,0974cfdf253ba63e11bb2386748646cf90424f22
73228,0,1,cross_corpus_conflict_resolved,dynamic_confirmed,diversevul:43_bf646d1e27a9,7d05a07828bb0012cb3e8689e188f10219a11eba
73542,0,1,cross_corpus_conflict_resolved,dynamic_confirmed,bigvul:183119,0b3fd2c09eea4f85e2e31b4298f782ff94fefd9f
73594,0,1,cross_corpus_conflict_resolved,dynamic_confirmed,bigvul:183286,b93f2ea0b0fa94adb0d2f10cc3c89cac0ba32508
73595,0,1,cross_corpus_conflict_resolved,dynamic_confirmed,bigvul:183287,326c981b02a0cd9fd361b02b6c26d4318261d23f
73599,0,1,cross_corpus_conflict_resolved,dynamic_confirmed,bigvul:181969,4650bff18f676eea568082faf744b734492e8cd5
73600,0,1,cross_corpus_conflict_resolved,dynamic_confirmed,bigvul:181977,c7bc183ea8b421e21ea5c9b409ad881aa848d805
73603,0,1,cross_corpus_conflict_resolved,dynamic_confirmed,bigvul:181978,cb2052add8e75889c5231b788a805b1e0e88d468
73604,0,1,cross_corpus_conflict_resolved,dynamic_confirmed,bigvul:183288,1bd6cd611799a36bcd19b4d09d3a5d36c56a1ff0
73892,0,1,cross_corpus_conflict_resolved,dynamic_confirmed,bigvul:182008,a7b968ce0a24f1aab2a4ece3ef98ffb717e1c41a
73893,0,1,cross_corpus_conflict_resolved,dynamic_confirmed,bigvul:181626,edf0365c12e9df64466055efd63ce8f182a58a89
73914,0,1,cross_corpus_conflict_resolved,dynamic_confirmed,diversevul:8192_15f950658f19,b4bd7f801241ca8bd8d7dd1e86b42926ae4b7560
73998,0,1,cross_corpus_conflict_resolved,dynamic_confirmed,bigvul:180163,c1fd309f5ecb0e6bc668de413efdddaae8e89620
73999,0,1,cross_corpus_conflict_resolved,dynamic_confirmed,diversevul:5020_d20d852ed3bb,5d5d355881ff7136c13894708f2010d42082b99d
74003,0,1,cross_corpus_conflict_resolved,dynamic_confirmed,primevul:4407,205f1ecb82ad0ede5185ca98624a38e528db326a
74019,0,1,cross_corpus_conflict_resolved,dynamic_confirmed,diversevul:10482_c7bc35c01d77,35232038bee6a9008dc330a695a4ec1c70e07ec0
74124,0,1,cross_corpus_conflict_resolved,dynamic_confirmed,diversevul:169_3d32c881f95c,079778e6791d54b26e71e446ccaee506a61df7f3
74313,0,1,cross_corpus_conflict_resolved,dynamic_confirmed,bigvul:183304,2374624df55d8444f5109ee934c317cb03e0ed18
74339,0,1,cross_corpus_conflict_resolved,dynamic_confirmed,diversevul:2814_bfede1425e27,2efbc4df8241fb0040b97e32749cd6fc3fafaec2
74340,0,1,cross_corpus_conflict_resolved,dynamic_confirmed,bigvul:183310,a1764d970927d6ac3c5506a1a6c3b40141a29cab
74347,0,1,cross_corpus_conflict_resolved,dynamic_confirmed,diversevul:2811_f28e713c4525,47073534eafe0b555d6fce14c51a4c19e08ad997
74953,0,1,cross_corpus_conflict_resolved,dynamic_confirmed,bigvul:182103,e7064bd61e19e5f23ec86522df116c44614ac460
75256,0,1,cross_corpus_conflict_resolved,dynamic_confirmed,bigvul:182786,11609cfc46ce53853db76f85e6e0cafbdf027c28
75266,0,1,cross_corpus_conflict_resolved,dynamic_confirmed,bigvul:182787,9ab906067d65b109092d88ba91bf2c77e162a075
75281,0,1,cross_corpus_conflict_resolved,dynamic_confirmed,bigvul:182788,a73b89802cd579d74be6c665773eadb9ff48944c
75335,0,1,cross_corpus_conflict_resolved,dynamic_confirmed,bigvul:182790,50e29a14102d24124ed2a7293f5839b8c42a30e7
75620,0,1,cross_corpus_conflict_resolved,dynamic_confirmed,primevul:10796,4930c1beb383867298f851e97608a8a093b871f5
75621,0,1,cross_corpus_conflict_resolved,dynamic_confirmed,bigvul:182141,06592152923c9605f4ae4d57d66532eed316c3fb
76462,0,1,cross_corpus_conflict_resolved,dynamic_confirmed,bigvul:182860,1224580926ef2f80b7ed9bf9993a63be52e8633f
77957,0,1,cross_corpus_conflict_resolved,dynamic_confirmed,bigvul:182171,98c41a010cef966a2f7c0044320d0fd5d0a88a42
77988,0,1,cross_corpus_conflict_resolved,dynamic_confirmed,bigvul:182792,a600ac73c18e8a45a0f725c769b37e958fd3d93f
78101,0,1,cross_corpus_conflict_resolved,dynamic_confirmed,bigvul:182686,2c79dad2328df5235e9b26c954b5e8c9611f8627
78112,0,1,cross_corpus_conflict_resolved,dynamic_confirmed,diversevul:8872_99b4dda3e74c,e6c0fb0ae55ca6877d94fc720538a70243790fc8
78239,0,1,cross_corpus_conflict_resolved,dynamic_confirmed,diversevul:7228_fa837e5fec9a,18c9ea6a9575d9dbf4d605f604a87cd165392ec8
78524,0,1,cross_corpus_conflict_resolved,dynamic_confirmed,bigvul:182242,64b0b86b6850f537ec05b94ff987e5660aa334d1
78903,0,1,cross_corpus_conflict_resolved,dynamic_confirmed,diversevul:9200_06a2c3278554,503eb1c7022ebf7deba5d0f679f419901dbdf571
78904,0,1,cross_corpus_conflict_resolved,dynamic_confirmed,diversevul:8589_4217f59778be,4b29115c9861f7a9c3a5a81a7dca1ec3b766ae6c
78949,0,1,cross_corpus_conflict_resolved,dynamic_confirmed,primevul:9561,94d0bee5a04771cdd7564a49f6d25e28d821f1cd
79027,0,1,cross_corpus_conflict_resolved,dynamic_confirmed,bigvul:182265,eb7102438b3248475340cd6f95657e8f2e3134f9
79030,0,1,cross_corpus_conflict_resolved,dynamic_confirmed,bigvul:182261,12d1ae2532486676d8881fb3b11a759458ee5724
79154,0,1,cross_corpus_conflict_resolved,dynamic_confirmed,bigvul:182284,502ab5ac923c8c63f9ae271139d76941fed6041f
79155,0,1,cross_corpus_conflict_resolved,dynamic_confirmed,bigvul:182285,e96b4a0ee6e9eb49ce9b986ddf3edc33b90ed626
79451,0,1,cross_corpus_conflict_resolved,dynamic_confirmed,bigvul:182289,196468aa85c26180cfb97d1cf9c785c704eef89f
79478,0,1,cross_corpus_conflict_resolved,dynamic_confirmed,bigvul:182308,5f33a1e65557ba730837dfd01e38170497ad055e
79515,0,1,cross_corpus_conflict_resolved,dynamic_confirmed,primevul:3622,677c8bfef4027aa507fd08da16b3ff33e2c392a8
79552,0,1,cross_corpus_conflict_resolved,dynamic_confirmed,diversevul:17280_44365e225831,0db4d8d0defc170e051fbafd90c3145c6ae9f623
79561,0,1,cross_corpus_conflict_resolved,dynamic_confirmed,primevul:3639,9292f96eca102cd65c431e3fddf381e898821703
79606,0,1,cross_corpus_conflict_resolved,dynamic_confirmed,diversevul:7024_26833b6dded7,b2d016315190b00a7084fed3544ff0dbe01217c2
79884,0,1,cross_corpus_conflict_resolved,dynamic_confirmed,bigvul:182094,dbe76abb96def23082a9997c5c268ac8cbcfd10d
79891,0,1,cross_corpus_conflict_resolved,dynamic_confirmed,primevul:3621,f25e112f1db7f90e14ef2b52726935efacbcf50f
80052,0,1,cross_corpus_conflict_resolved,dynamic_confirmed,bigvul:182931,7e67bfd7cee9faf90096914916e399e2427c4891
80987,0,1,cross_corpus_conflict_resolved,dynamic_confirmed,diversevul:8045_acc5faa22419,d3646e52d37e13885e804136bcbbbbbd3420d2e0
81256,0,1,cross_corpus_conflict_resolved,dynamic_confirmed,bigvul:183393,4ff019cebb82f1531fd6809c3bf518af9e934a81
81757,0,1,cross_corpus_conflict_resolved,dynamic_confirmed,bigvul:182333,4a3e90b64cc0df8263d637f1b4195056a84720d1
82341,0,1,cross_corpus_conflict_resolved,dynamic_confirmed,diversevul:14132_a68af18fff21,77217f47fbb61ff912a63f118ef385f036f29386
82555,0,1,cross_corpus_conflict_resolved,dynamic_confirmed,bigvul:182379,e9b6d502c95911254e5cfbbbc1b84f314b22c0c9
82734,0,1,cross_corpus_conflict_resolved,dynamic_confirmed,bigvul:182395,fbc5fb638c05fb85fc7ca3c1f2b558e60093216f
82912,0,1,cross_corpus_conflict_resolved,dynamic_confirmed,bigvul:182394,ae87de61c4f06fb07a3d2ec08f786c9fca057890
82913,0,1,cross_corpus_conflict_resolved,dynamic_confirmed,bigvul:182406,25873f43c31267c84c41f463dfbb4bf2e2be4229
83039,0,1,cross_corpus_conflict_resolved,dynamic_confirmed,diversevul:10020_f723313f1e36,d2b995ce6028d6c580f242b6416b3fbb28340835
83042,0,1,cross_corpus_conflict_resolved,dynamic_confirmed,diversevul:10019_8136d43a9283,608d8b8708fa9fa3ca617d44a79fe4f7151f4bf6
83045,0,1,cross_corpus_conflict_resolved,dynamic_confirmed,diversevul:10018_6083fa3c6882,55d249234c5551f210fb3c8505b4288082434b44
83073,0,1,cross_corpus_conflict_resolved,dynamic_confirmed,bigvul:182207,855d53524ce6de3fbe749d4b8feef3e6c317c1af
83095,0,1,cross_corpus_conflict_resolved,dynamic_confirmed,bigvul:182683,6ba686f1fc47a5ce2afb1f199aa4bd00fb3ace2b
83096,0,1,cross_corpus_conflict_resolved,dynamic_confirmed,bigvul:182684,f9ce116b01daf6f5a26fd23cde10556cb7bbb697
83364,0,1,cross_corpus_conflict_resolved,dynamic_confirmed,bigvul:182438,b3620f0e28d728298332e1eb6e525dde727d4289
83383,0,1,cross_corpus_conflict_resolved,dynamic_confirmed,bigvul:182437,48675a75f42b5bfc71357282291e334e216c7492
83562,0,1,cross_corpus_conflict_resolved,dynamic_confirmed,diversevul:10094_fa6546f42b5b,80313b2de3c876d9778b2d49d1bad658b8265a29
83956,0,1,cross_corpus_conflict_resolved,dynamic_confirmed,bigvul:182563,c0a497b547eca52166c4a689b85c9f5c7cc0c30d
83974,0,1,cross_corpus_conflict_resolved,dynamic_confirmed,bigvul:182564,f5348ee95e680729fddbde4344964f44ef2fc33f
83978,0,1,cross_corpus_conflict_resolved,dynamic_confirmed,primevul:4137,b8861a47652dcf5c15f7c8e9ce6241428d8768ff
83979,0,1,cross_corpus_conflict_resolved,dynamic_confirmed,bigvul:182955,bffd8012e56b05a924f1a33ba9a56202d947ed84
84072,0,1,cross_corpus_conflict_resolved,dynamic_confirmed,bigvul:182525,e4a64ae5b0e7cc9b5711a8c799c2c3c52209a4ad
84084,0,1,cross_corpus_conflict_resolved,dynamic_confirmed,bigvul:182526,a2c0dbc8a5eafb96392cf8298703fb39d2484e34
84248,0,1,cross_corpus_conflict_resolved,dynamic_confirmed,diversevul:10306_500c5a2a53e0,df16b9997e0886181702a8ab2565894ba1692da6
84267,0,1,cross_corpus_conflict_resolved,dynamic_confirmed,diversevul:10307_a70210d27564,fce4e668d007b7ec3403266ab223578768021092
84310,0,1,cross_corpus_conflict_resolved,dynamic_confirmed,bigvul:182287,0950dfcb6eec56570f8e2f28d9973a7ad053557a
84313,0,1,cross_corpus_conflict_resolved,dynamic_confirmed,bigvul:182288,3ea717f29d93c958e5eadca4444b48a83c09b288
84763,0,1,cross_corpus_conflict_resolved,dynamic_confirmed,bigvul:183008,cd7912b7293951f1ef83de195812dace6e2752c0
85126,0,1,cross_corpus_conflict_resolved,dynamic_confirmed,bigvul:182350,fe03e13b44f7ce61b690264fa68f84a625cedb76
85136,0,1,cross_corpus_conflict_resolved,dynamic_confirmed,bigvul:182351,91041910728c276f67680e33add67d619148d2f7
85137,0,1,cross_corpus_conflict_resolved,dynamic_confirmed,diversevul:6994_7feb7e64e1f3,01ef8640219779e323592805303e3a9a070faef4
85144,0,1,cross_corpus_conflict_resolved,dynamic_confirmed,bigvul:182354,5d6a0418bff062128c516c698d98141b96a627fa
85145,0,1,cross_corpus_conflict_resolved,dynamic_confirmed,bigvul:182355,39d3f6226f5a84d1a19580528d9d44618b2ea54c
85147,0,1,cross_corpus_conflict_resolved,dynamic_confirmed,diversevul:6126_c0a955554232,a335c4971071207c639889d002192d2d0c162398
85149,0,1,cross_corpus_conflict_resolved,dynamic_confirmed,diversevul:6139_e63e9a25bb5d,5fd7c588b0e1fc369ecefed036fe062fffa005e6
86102,0,1,cross_corpus_conflict_resolved,dynamic_confirmed,diversevul:8512_086eee91c0d1,53f3de4a8cbc21d7b8393d97d7396412a145af4f
86463,0,1,cross_corpus_conflict_resolved,dynamic_confirmed,bigvul:182177,83d25bbed67d90599e9ac2f82b5ff34de14b5ece
86533,0,1,cross_corpus_conflict_resolved,dynamic_confirmed,diversevul:7618_30aa70c736af,e217c108aff4ba620108b4f3935dcb765761ab57
86600,0,1,cross_corpus_conflict_resolved,dynamic_confirmed,bigvul:180040,4e576906c2524fe932b01e7142d3fb6d90793c70
86601,0,1,cross_corpus_conflict_resolved,dynamic_confirmed,bigvul:180041,1ca8a1ed07436ed8852252ecb8c3c8b013ef01ed
86602,0,1,cross_corpus_conflict_resolved,dynamic_confirmed,bigvul:180042,427a9ddacce94ca608ca368664d030a4e5bba560
86877,0,1,cross_corpus_conflict_resolved,dynamic_confirmed,diversevul:17400_698a39472a89,cea69b881bccdee5dc7b8c9521ee992bc3d12354
86899,0,1,cross_corpus_conflict_resolved,dynamic_confirmed,bigvul:182637,5e2e388d24dbae68d3d9b30f117613a1eb3b0b9d
86900,0,1,cross_corpus_conflict_resolved,dynamic_confirmed,bigvul:182638,793076bc64bf5a1923a3ecef5a919132b2214320
86901,0,1,cross_corpus_conflict_resolved,dynamic_confirmed,diversevul:13515_5441f4647984,55aafe81bc77b1011275f529e030fdef7e973071
86902,0,1,cross_corpus_conflict_resolved,dynamic_confirmed,bigvul:182640,2093c0f13024efe3c5ea188ce4d76f20cfba6e03
88079,0,1,cross_corpus_conflict_resolved,dynamic_confirmed,bigvul:182699,bb062bdaadff2c45653dc951b096660e15981b2b
88146,0,1,cross_corpus_conflict_resolved,dynamic_confirmed,bigvul:182697,40ef0fe0fa476bf5eed1965dd0b17b52ca8a6f9c
88147,0,1,cross_corpus_conflict_resolved,dynamic_confirmed,diversevul:8841_78181e93a523,0f44cd93f9c65a6f7e4862eb7b692cc699a431df
88410,0,1,cross_corpus_conflict_resolved,dynamic_confirmed,bigvul:182715,d68970092c7d5189b22b52257ab4755999386137
88425,0,1,cross_corpus_conflict_resolved,dynamic_confirmed,bigvul:182712,dac8be0eb8ec8c1c6839fb581099b3943936cb85
88588,0,1,cross_corpus_conflict_resolved,dynamic_confirmed,diversevul:11320_4a8819a80df3,4bd3e17600e31acb07780e1df7b11adac0bd0031
88600,0,1,cross_corpus_conflict_resolved,dynamic_confirmed,diversevul:10593_4b205d344b9d,195be3cc5f36c15aee2fcabd3ae3dfffafd2b502
89004,0,1,cross_corpus_conflict_resolved,dynamic_confirmed,diversevul:10515_704adf6048ab,ca85f43b0beaabff31e241eae720c97bb0bbd2db
89276,0,1,cross_corpus_conflict_resolved,dynamic_confirmed,diversevul:10571_d0d34d4c5c7d,b849ed9602e4beed492ac60c9ba62900ab11f8de
90721,0,1,cross_corpus_conflict_resolved,dynamic_confirmed,diversevul:14515_c92d06a23bbc,5dba7bfded1d68a836bba57cf690a0beb5f182bf
91158,0,1,cross_corpus_conflict_resolved,dynamic_confirmed,diversevul:7204_5ba9edf637f7,4a2029e2dddd27e6e09a4a18e19bf23434f7dd7f
91192,0,1,cross_corpus_conflict_resolved,dynamic_confirmed,bigvul:182862,b95c6a3f7a1f5cb1271679da848e18ccd21bbc25
91193,0,1,cross_corpus_conflict_resolved,dynamic_confirmed,bigvul:182863,6f7ab0ea03ff335e6b96111d8d9e702ca7d02956
91205,0,1,cross_corpus_conflict_resolved,dynamic_confirmed,diversevul:9041_251faf76e209,e2a27e9d8d8d7091ac8f6ec4d39529adfba6c7b3
91327,0,1,cross_corpus_conflict_resolved,dynamic_confirmed,diversevul:7855_4c23e6520ff8,ae2c82b5b141b656821341e18275779647dd5365
91340,0,1,cross_corpus_conflict_resolved,dynamic_confirmed,diversevul:9454_0657eb82f185,7b8fc5202606c8d766311833fa07f0c1da2210b8
92235,0,1,cross_corpus_conflict_resolved,dynamic_confirmed,bigvul:182940,c7a63b01b013400a0b5a0e36d3c8c42c2a490f44
92713,0,1,cross_corpus_conflict_resolved,dynamic_confirmed,diversevul:10678_3de7c39da873,6b234d5a202e67f1b49d7dbd19a03dc44f06080f
93160,0,1,cross_corpus_conflict_resolved,dynamic_confirmed,diversevul:8804_eccbf728b731,5ba8f996c0fde9834e6506159bae09bf84712856
93232,0,1,cross_corpus_conflict_resolved,dynamic_confirmed,diversevul:14248_fd59bb93728a,ac39cbe5c9fa9646582c257a8c1eafec4a630286
93237,0,1,cross_corpus_conflict_resolved,dynamic_confirmed,bigvul:180966,fb097c77ce1e9f27fbb05f72ba44b908741e9a82
93243,0,1,cross_corpus_conflict_resolved,dynamic_confirmed,bigvul:180972,7e1c579bea0aed4cd8018de84bfe6b12b76eac2a
93244,0,1,cross_corpus_conflict_resolved,dynamic_confirmed,diversevul:14256_7ad17e8986a8,437827e07f2e8598681d775b93b13efbf23b583f
93245,0,1,cross_corpus_conflict_resolved,dynamic_confirmed,bigvul:180974,81b929ac7f33d1c689a9aaa2774265b306cdfed0
94436,0,1,cross_corpus_conflict_resolved,dynamic_confirmed,primevul:932,71cbc0f8f74c1b57b7c9f281bc451f8a72b179d8
94474,0,1,cross_corpus_conflict_resolved,dynamic_confirmed,diversevul:16172_221f03474861,7a8f30a556294abf111c0c43db4763ee0cb09a50
94519,0,1,cross_corpus_conflict_resolved,dynamic_confirmed,diversevul:15718_2e885593fbf4,cbfd17a1e3384f581670241dded7bc6047b498b9
94546,0,1,cross_corpus_conflict_resolved,dynamic_confirmed,bigvul:179476,184e770d1eb394727573daa64df4446ba17533be
94549,0,1,cross_corpus_conflict_resolved,dynamic_confirmed,bigvul:179512,df641fc16c7b8dbdba8e3a7bce6baf81c2298125
94561,0,1,cross_corpus_conflict_resolved,dynamic_confirmed,bigvul:179532,aa5993fa6f97375ec995367d5f8df3d0c84fd173
94564,0,1,cross_corpus_conflict_resolved,dynamic_confirmed,bigvul:179723,400d882e254a3ff563a73584d938b950d6d0204d
94566,0,1,cross_corpus_conflict_resolved,dynamic_confirmed,diversevul:739_830da8c99919,bc9ac7596bb14b13cbab63a1d8590c4d0382ed4b
94569,0,1,cross_corpus_conflict_resolved,dynamic_confirmed,diversevul:742_52a604baa3cf,bb9ae92d33e3f95207770e4e11b69144451ac58f
94570,0,1,cross_corpus_conflict_resolved,dynamic_confirmed,bigvul:179728,f54ceb99fe5ca4668ed58ac28e4f1ac3e31e4661
94614,0,1,cross_corpus_conflict_resolved,dynamic_confirmed,diversevul:2733_877a41e75c90,33bc7b847a6fcf06c8d37d7e44667ca11bf6d8f8
94615,0,1,cross_corpus_conflict_resolved,dynamic_confirmed,primevul:1532,66aa6f5001fb36fdaf58563cf758643f6f6ae905
94616,0,1,cross_corpus_conflict_resolved,dynamic_confirmed,diversevul:14745_d651c5cee941,f51ec38bb7a2cdda6f2b622245d13aa2f9f8dca3
95014,0,1,cross_corpus_conflict_resolved,dynamic_confirmed,bigvul:180650,655ced6fa26b67de1b3d21caf9073b16a4451f21
95015,0,1,cross_corpus_conflict_resolved,dynamic_confirmed,bigvul:180651,55940acbe4fb53c52bcaaf5dfb0b9bc5fb8c6f5a
95045,0,1,cross_corpus_conflict_resolved,dynamic_confirmed,bigvul:181817,3f6f016408030a0f64f3cf8e7b2f8180b107cb74
95078,0,1,cross_corpus_conflict_resolved,dynamic_confirmed,bigvul:180859,1fd0b806728908355b32b11ebeb749e2c782f29d
95109,0,1,cross_corpus_conflict_resolved,dynamic_confirmed,bigvul:181096,a1de53465b9db3158bb5f17eb9a6de8b2ed9a3f4
95319,0,1,cross_corpus_conflict_resolved,dynamic_confirmed,bigvul:180946,f98c42ff31a522f41ec9443a34dd6743f9f66eda
96114,0,1,cross_corpus_conflict_resolved,dynamic_confirmed,bigvul:181504,b4cdd4fcef6a91756bbc72a519e619f43bc840fc
96115,0,1,cross_corpus_conflict_resolved,dynamic_confirmed,bigvul:183275,eedf2edc77784878bd4875e17805b54236cc2e56
96182,0,1,cross_corpus_conflict_resolved,dynamic_confirmed,bigvul:183289,454fb3ec336235c74483c6da2670065da5d93129
96184,0,1,cross_corpus_conflict_resolved,dynamic_confirmed,bigvul:181981,7c6c24eef5f4af965d85e1ea5839be87d4d8a1f1
96258,0,1,cross_corpus_conflict_resolved,dynamic_confirmed,bigvul:182043,5b094ee0868249ab6ac8115ec245bcb9eb9d50f9
96297,0,1,cross_corpus_conflict_resolved,dynamic_confirmed,diversevul:2811_f28e713c4525,47073534eafe0b555d6fce14c51a4c19e08ad997
96298,0,1,cross_corpus_conflict_resolved,dynamic_confirmed,primevul:207246,db7da2d9ead76c89a8dad39fc7dfbd711668459b
96380,0,1,cross_corpus_conflict_resolved,dynamic_confirmed,diversevul:2871_ecf91643a4db,c44c1236dd231d948377180d6108325e530dcc02
96382,0,1,cross_corpus_conflict_resolved,dynamic_confirmed,diversevul:2870_cfc73833004d,ee7397db8a2326d1b78af8e52c01911480bff4f5
96387,0,1,cross_corpus_conflict_resolved,dynamic_confirmed,diversevul:2819_bd7202966883,c6f4bdfa0b702b66cc3a956178eff5ed0966dc9e
96416,0,1,cross_corpus_conflict_resolved,dynamic_confirmed,bigvul:178846,8dd4da01cd12b0d38a163ae46f9c5e5aff4990af
96426,0,1,cross_corpus_conflict_resolved,dynamic_confirmed,bigvul:182157,d5f0c3300c855c023bbc11115b175eff6de5193c
96430,0,1,cross_corpus_conflict_resolved,dynamic_confirmed,diversevul:14238_145753786c36,8299296e6d7e27e39eef9363759280e431889bab
96431,0,1,cross_corpus_conflict_resolved,dynamic_confirmed,bigvul:182410,decdc843e7e8c1993cd1c6cc73d91879e1b0c689
96432,0,1,cross_corpus_conflict_resolved,dynamic_confirmed,bigvul:182411,7759baf29cd313bff33c43b1c1a9353245f84601
96433,0,1,cross_corpus_conflict_resolved,dynamic_confirmed,bigvul:182412,fb0be60aba74bdec08e2ddf46102bc37c2482691
96434,0,1,cross_corpus_conflict_resolved,dynamic_confirmed,diversevul:6886_aa512b343ff9,195d5cd503b906a735937e234be07c10875d8132
96465,0,1,cross_corpus_conflict_resolved,dynamic_confirmed,diversevul:5033_f7883aac4f2a,195a08154ea3040d7f3042c3f654e1c109d0ee1d
97054,0,1,cross_corpus_conflict_resolved,dynamic_confirmed,diversevul:7749_e13aa37f710b,2ba50b2b4f43e4a7754079c64247975a95a9a41c
97070,0,1,cross_corpus_conflict_resolved,dynamic_confirmed,primevul:1745,eb2e547c7efa8d2bd9d6efdfad1bcfceeb42a8ee
97606,0,1,cross_corpus_conflict_resolved,dynamic_confirmed,bigvul:183776,58b2dd3e691e7a53083e12dcf9bdd8d590ebfc36
97734,0,1,cross_corpus_conflict_resolved,dynamic_confirmed,diversevul:665_f7fef0730121,b009bda0f326ca90a3aaebe73b3d47f50c1f31da
97735,0,1,cross_corpus_conflict_resolved,dynamic_confirmed,diversevul:667_25df16d9cb65,519a31c4b0bfb287f51f926770e16682718967b1
97831,0,1,cross_corpus_conflict_resolved,dynamic_confirmed,bigvul:183435,e81e34ba7c7695dd135d53e27a7a0071dee36737
99844,0,1,cross_corpus_conflict_resolved,dynamic_confirmed,bigvul:184580,7971adfd33dbb73a106cf9f6bb76289dc5d5ba87
100706,0,1,cross_corpus_conflict_resolved,dynamic_confirmed,bigvul:184965,0b6a4550eca6fa0b87c5173e9a4a402e5d26a7b9
100711,0,1,cross_corpus_conflict_resolved,dynamic_confirmed,bigvul:184971,e1525b80e29c3319b393e1bc5f06d42e14370f18
100720,0,1,cross_corpus_conflict_resolved,dynamic_confirmed,diversevul:4076_7488caeb633e,847907ffe38a44039549cdb7f27bfd0596fc10f2
100739,0,1,cross_corpus_conflict_resolved,dynamic_confirmed,bigvul:184987,17e99cd46143990e762dc2fed48e73758bcb844d
100743,0,1,cross_corpus_conflict_resolved,dynamic_confirmed,bigvul:184990,05d8ea268349a3bc75935afde4556ac445cdcc4a
100755,0,1,cross_corpus_conflict_resolved,dynamic_confirmed,bigvul:184998,b8759664aac51c505d38695217fbafcb888a9dfe
100774,0,1,cross_corpus_conflict_resolved,dynamic_confirmed,bigvul:185002,9e667c74742bda38513dcb1165988a92e69a4534
100775,0,1,cross_corpus_conflict_resolved,dynamic_confirmed,bigvul:184668,8deddbc2ba7f5a3bbc5851cd225a15ccdc68384a
104803,0,1,cross_corpus_conflict_resolved,dynamic_confirmed,bigvul:183777,2923af3e9754a9f5666b0253dbd48dfe10c9f84c
104908,0,1,cross_corpus_conflict_resolved,dynamic_confirmed,bigvul:184221,57250098377f47a4d87711c5781e1ca649e2fbe7
109489,0,1,cross_corpus_conflict_resolved,dynamic_confirmed,bigvul:184992,bee3f1b8a3a1720279fc9c5e1219173e03c89657
109490,0,1,cross_corpus_conflict_resolved,dynamic_confirmed,bigvul:184999,b119c4bcb57b43a47d8f4263909b409b3b39763d
109491,0,1,cross_corpus_conflict_resolved,dynamic_confirmed,diversevul:967_7ba390218cf5,4beeb0a3c8f5e40d008358f68b6ddad24d9e4ab1
112278,0,1,cross_corpus_conflict_resolved,dynamic_confirmed,bigvul:184213,ccc68ef21c7255b53388094b7d62e7153e5edc67
113670,0,1,cross_corpus_conflict_resolved,dynamic_confirmed,bigvul:187334,970caae5122aed62850e32dc31cb0ecd20996c7b
113685,0,1,cross_corpus_conflict_resolved,dynamic_confirmed,bigvul:187323,c131da0412788538c17ab24494d410a5c374829f
113780,0,1,cross_corpus_conflict_resolved,dynamic_confirmed,bigvul:184414,bdc37ee28025d99d05e1de904c1fa3fe0a2f66c9
113783,0,1,cross_corpus_conflict_resolved,dynamic_confirmed,bigvul:184415,fb160e980b3e0571929a51a46da9518679d8a186
115550,0,1,cross_corpus_conflict_resolved,dynamic_confirmed,bigvul:184490,937418a724f0492cd32400f4fe6f44dfa5bc5129
117306,0,1,cross_corpus_conflict_resolved,dynamic_confirmed,diversevul:728_66959556837b,1968468eb8a3252aed1401c3ab9c8c044f3a4da2
117324,0,1,cross_corpus_conflict_resolved,dynamic_confirmed,diversevul:4705_4aac0db38a68,9686cc10eb2002a48ee14005b92bbb012c57a89d
117330,0,1,cross_corpus_conflict_resolved,dynamic_confirmed,diversevul:4706_b180dfa13188,c4b0fb228e4090a46cb5642475a34d28eb0ee189
117394,0,1,cross_corpus_conflict_resolved,dynamic_confirmed,bigvul:186141,27902362b70836bcee537ea64c8b8b05be976f51
117400,0,1,cross_corpus_conflict_resolved,dynamic_confirmed,bigvul:186145,9b6ac42a08838cd6569ff6a66947c68e9d246a66
119848,0,1,cross_corpus_conflict_resolved,dynamic_confirmed,bigvul:184852,8b9a57895a6b7182d83f55868e7861abe3786d69
125284,0,1,cross_corpus_conflict_resolved,dynamic_confirmed,bigvul:185202,c30e838e135f8f54d45eb1c54b16cbc114138044
127464,0,1,cross_corpus_conflict_resolved,dynamic_confirmed,bigvul:185204,5370876093dcc6f552a978d7502588e8408a9d0e
135101,0,1,cross_corpus_conflict_resolved,dynamic_confirmed,bigvul:185610,8a61346c5ab4fcdb9898f1966f8e3f3cf0c2f441
135845,0,1,cross_corpus_conflict_resolved,dynamic_confirmed,bigvul:186085,cb75da99cd3de1559fa62016a782d25840aaeb41
145310,0,1,cross_corpus_conflict_resolved,dynamic_confirmed,bigvul:186228,383c21b13f7d441e1abac8b5dbe00cd3e33fa801
145355,0,1,cross_corpus_conflict_resolved,dynamic_confirmed,bigvul:186056,409928aef6ca68490053995582e7ac94d54b3736
146086,0,1,cross_corpus_conflict_resolved,dynamic_confirmed,bigvul:187108,e58fa76676266234df97029c37c63de63a903de5
146115,0,1,cross_corpus_conflict_resolved,dynamic_confirmed,bigvul:187110,63e9011704c170476eb4f805242641b5db7ba807
146116,0,1,cross_corpus_conflict_resolved,dynamic_confirmed,bigvul:187111,8fda9c735b449678652eeb706a76737094c4c68b
146390,0,1,cross_corpus_conflict_resolved,dynamic_confirmed,bigvul:187135,fd8107763da4851a2012e857688a59e76b799bab
146521,0,1,cross_corpus_conflict_resolved,dynamic_confirmed,bigvul:187112,29ae2e12313ef1c2987c23ae3ca16e4e9722cd58
146524,0,1,cross_corpus_conflict_resolved,dynamic_confirmed,bigvul:187113,e7470c58ded18993e668a3781d707e197ff22b82
146525,0,1,cross_corpus_conflict_resolved,dynamic_confirmed,bigvul:187115,ace7d01b40e4a00f7630ad13fd81d256a7671abb
146526,0,1,cross_corpus_conflict_resolved,dynamic_confirmed,bigvul:187116,630fb4783d97e9686105ce4ea213f86f7eba4236
146527,0,1,cross_corpus_conflict_resolved,dynamic_confirmed,bigvul:187117,660a10d3179d816d4e8a51907bdb0765b86925d9
146903,0,1,cross_corpus_conflict_resolved,dynamic_confirmed,bigvul:186668,767ca3108e3f50e2b1eea4939ef3afd295d85af2
148843,0,1,cross_corpus_conflict_resolved,dynamic_confirmed,bigvul:186590,e5109406426a3354a916fc378fe69e7c1632789e
148957,0,1,cross_corpus_conflict_resolved,dynamic_confirmed,bigvul:186992,07f5d5a16606d46c4bcca4793eed1a687cccbea8
151098,0,1,cross_corpus_conflict_resolved,dynamic_confirmed,bigvul:186937,b400901532e3a616da9be7fd8a95fe800d4ea217
153049,0,1,cross_corpus_conflict_resolved,dynamic_confirmed,bigvul:186678,dc54c338ca694ca1b1121eda1d0ccdfe63b94345
157507,0,1,cross_corpus_conflict_resolved,dynamic_confirmed,bigvul:186615,1382162e2adc1c3f6789204bf4c752d215b04c52
159321,0,1,cross_corpus_conflict_resolved,dynamic_confirmed,primevul:7389,69791df2a5d66ad51f64fbf91e3a3af4f3509494
159402,0,1,cross_corpus_conflict_resolved,dynamic_confirmed,bigvul:186479,76ec21188d29a5da314cffb9ac396a9fdb4edd7a
159453,0,1,cross_corpus_conflict_resolved,dynamic_confirmed,bigvul:186644,a6469ec41dccece23bc4fe13ce5de61d229319ef
159750,0,1,cross_corpus_conflict_resolved,dynamic_confirmed,bigvul:186660,125bf08c6deaff8d61cfa8217439823e985083d2
160177,0,1,cross_corpus_conflict_resolved,dynamic_confirmed,bigvul:187279,4e3278acd0bafba754c223f6ad64ccf2cec0c22f
161055,0,1,cross_corpus_conflict_resolved,dynamic_confirmed,bigvul:187246,0be1a027b0e601c0b456330d506dae1cb6685b93
161245,0,1,cross_corpus_conflict_resolved,dynamic_confirmed,bigvul:187097,fdd0b8229a492f1b86d41bbd3219ef8e02f10502
161383,0,1,cross_corpus_conflict_resolved,dynamic_confirmed,primevul:7318,38f22e6374abc203cb0e5980ab5af42a47a696a8
163575,0,1,cross_corpus_conflict_resolved,dynamic_confirmed,bigvul:186995,5b0ca5b987677e0c45a69fea7bd931319b025dd5
163655,0,1,cross_corpus_conflict_resolved,dynamic_confirmed,diversevul:12435_0bf563cd5423,60b4052e3537cc5f9525b0ddb274a8ded52b4abd
163683,0,1,cross_corpus_conflict_resolved,dynamic_confirmed,diversevul:12434_f0d1cc0d5168,fa18c1ef954b5f84210a12b9139c8945377b0ab3
164878,0,1,cross_corpus_conflict_resolved,dynamic_confirmed,bigvul:186943,cb96567a8585117fb93c84eb908502153a9cb7a3
167159,0,1,cross_corpus_conflict_resolved,dynamic_confirmed,bigvul:186609,fbaabeb5b56e015965c49f1a72ce6f160f25139e
167515,0,1,cross_corpus_conflict_resolved,dynamic_confirmed,bigvul:186608,3d3390854db51f8485b2d5c6dd1270f2ee8c61a5
168162,0,1,cross_corpus_conflict_resolved,dynamic_confirmed,bigvul:187196,737e7f277bf8d6236789cdc4d22a831d8df912a0
168165,0,1,cross_corpus_conflict_resolved,dynamic_confirmed,primevul:7365,9b477136583369f347c2f6aab82f55ecb1d7f088
168617,0,1,cross_corpus_conflict_resolved,dynamic_confirmed,bigvul:186994,a81f4e2c4c13047da449b4fea5172334542c02df
168795,0,1,cross_corpus_conflict_resolved,dynamic_confirmed,bigvul:186638,8c2a315d9129b45d3d6be9104e1e3153e20cd991
169928,0,1,cross_corpus_conflict_resolved,dynamic_confirmed,diversevul:4744_2e39b98579ad,2cdc026ae03378c05f465a00062cbe717f22d1c1
169934,0,1,cross_corpus_conflict_resolved,dynamic_confirmed,diversevul:4151_3f6603f22146,e97dd5f3b4c2440f7dae282a34d112bb84279aa1
169935,0,1,cross_corpus_conflict_resolved,dynamic_confirmed,diversevul:8359_b690c6017e97,c371f66be548ebe94350a43b74695c1f2301f3bb
170478,0,1,cross_corpus_conflict_resolved,dynamic_confirmed,primevul:8361,af0bd0ec6bf0e3a655ea524b3fe4d690592ba791
170572,0,1,cross_corpus_conflict_resolved,dynamic_confirmed,bigvul:188080,05ad47e72b93b2686c3de3f3c8533c546902f9b6
170573,0,1,cross_corpus_conflict_resolved,dynamic_confirmed,bigvul:188082,3710c79ef44e48fdfd169445dc5daa0a5ce7a995
170626,0,1,cross_corpus_conflict_resolved,dynamic_confirmed,bigvul:188002,f76b2abffa2263fdbd3262c45af263feb2f930e6
170686,0,1,cross_corpus_conflict_resolved,dynamic_confirmed,bigvul:187434,84b14ef97e8537b212597ed3ad2dad214544e499
170704,0,1,cross_corpus_conflict_resolved,dynamic_confirmed,bigvul:188072,a38550ac38624edaa3d6ebc21028b478a18891db
170732,0,1,cross_corpus_conflict_resolved,dynamic_confirmed,bigvul:187551,14116f53875b6c63286a2e4ce5eec13052b9c91c
170737,0,1,cross_corpus_conflict_resolved,dynamic_confirmed,bigvul:188157,8ecd5c224b540362674c40beb1e130b1ced148b2
170749,0,1,cross_corpus_conflict_resolved,dynamic_confirmed,bigvul:188158,20d115990ea606bc0de18a0202029c4408906f91
170751,0,1,cross_corpus_conflict_resolved,dynamic_confirmed,bigvul:188159,bc77a393a4ea1052f78fef1952c35707646c2d88
170752,0,1,cross_corpus_conflict_resolved,dynamic_confirmed,bigvul:188160,02925d8ffb353293eca01bb725c93316ce3caf4f
170757,0,1,cross_corpus_conflict_resolved,dynamic_confirmed,bigvul:188161,2baa480f85228a2956c750ef1fff921be4e628cc
170765,0,1,cross_corpus_conflict_resolved,dynamic_confirmed,bigvul:187557,7b055a561229b6862f8467bd8f34388d5ad6b9d2
170779,0,1,cross_corpus_conflict_resolved,dynamic_confirmed,bigvul:187390,dfcaac84a4b4c8735cc373b3cf6711c29c24fba4
170786,0,1,cross_corpus_conflict_resolved,dynamic_confirmed,bigvul:187389,7d93ee8a8f424cf5bb825710ac2b7f87ae594f25
170787,0,1,cross_corpus_conflict_resolved,dynamic_confirmed,bigvul:187362,10255694b2c76e757f0785abf7ddcc15b9453f24
170841,0,1,cross_corpus_conflict_resolved,dynamic_confirmed,bigvul:187364,e4bc0e997cca1275d11a2cacfbe4dd313dbbdd4d
170960,0,1,cross_corpus_conflict_resolved,dynamic_confirmed,bigvul:188167,270dd96b45ad2430a81d6a143a837075058d1880
171068,0,1,cross_corpus_conflict_resolved,dynamic_confirmed,bigvul:188083,cef00cdcd9b03d8d77c01529419890c642e4fdef
171072,0,1,cross_corpus_conflict_resolved,dynamic_confirmed,bigvul:188084,e1f321c69b2ca0537aed3fbbd4ab71471e83ea40
171082,0,1,cross_corpus_conflict_resolved,dynamic_confirmed,bigvul:188053,7c948fd76878c5d18499098806411883c3865371
171090,0,1,cross_corpus_conflict_resolved,dynamic_confirmed,bigvul:187418,e0e9072efa5de9611436c6a98123b23242b0ed48
171122,0,1,cross_corpus_conflict_resolved,dynamic_confirmed,bigvul:187416,cf08e26857157e899dcc57258d071387881c1485
171286,0,1,cross_corpus_conflict_resolved,dynamic_confirmed,bigvul:188032,4fb1cec317394423c98c3525123836a8b066f8fa
171480,0,1,cross_corpus_conflict_resolved,dynamic_confirmed,bigvul:188134,dbfbd426a1725a304df82bf646cba6e1b346763b
171543,0,1,cross_corpus_conflict_resolved,dynamic_confirmed,bigvul:187999,35a1b493a44fb4a0805e4e509138354176113502
173390,0,1,cross_corpus_conflict_resolved,dynamic_confirmed,bigvul:187542,d5b2279cf19b8d8768a95e8a0943f8e8d09cc5a0
173558,0,1,cross_corpus_conflict_resolved,dynamic_confirmed,bigvul:188184,04541cc238c83657cb9eff13748c7103463437cc
173566,0,1,cross_corpus_conflict_resolved,dynamic_confirmed,bigvul:187563,689cc9afafb21c47fc823692237ecc2e1e8735dc
173820,0,1,cross_corpus_conflict_resolved,dynamic_confirmed,bigvul:187767,4656ec090fdc9573e3a68ba5206a943d244825c6
173822,0,1,cross_corpus_conflict_resolved,dynamic_confirmed,bigvul:187769,95e70da53cdab3b5dae67660e11d53880e3bd7df
173823,0,1,cross_corpus_conflict_resolved,dynamic_confirmed,bigvul:187770,56e723e9eb8083e208546f372d3f4f35f4895e94
173825,0,1,cross_corpus_conflict_resolved,dynamic_confirmed,bigvul:187771,37126144de4a61a7657d932a9968f66363815892
173826,0,1,cross_corpus_conflict_resolved,dynamic_confirmed,bigvul:187772,f3619908a23489384ede939ba84ab929277468a2
173827,0,1,cross_corpus_conflict_resolved,dynamic_confirmed,bigvul:187773,9efcfe05b295cffd0a31642b29dada0aa7da0efe
173829,0,1,cross_corpus_conflict_resolved,dynamic_confirmed,bigvul:187775,09f52fd18ad67a22f1c61071299e8f63ad02dafe
173832,0,1,cross_corpus_conflict_resolved,dynamic_confirmed,bigvul:187807,e3c7d192d37d33960733b8c7c70cdfe90d79d703
173834,0,1,cross_corpus_conflict_resolved,dynamic_confirmed,bigvul:187802,6d04156d7ccba28da12d8624f59c9da939a901ed
173835,0,1,cross_corpus_conflict_resolved,dynamic_confirmed,bigvul:187803,a16cbac5c0286ef9781d23317c60ae469018b5e0
173836,0,1,cross_corpus_conflict_resolved,dynamic_confirmed,bigvul:187804,7aa7b1ee64daa770eaa2db14b6e56b63c1ba4877
173871,0,1,cross_corpus_conflict_resolved,dynamic_confirmed,bigvul:187426,060cefc487060d3eb1df5007a6e9d7e10907c3d2
173939,0,1,cross_corpus_conflict_resolved,dynamic_confirmed,bigvul:188342,8313239598f75b8c0ef8f6d7c00fc201a816b3d8
174120,0,1,cross_corpus_conflict_resolved,dynamic_confirmed,bigvul:188214,3e1cbaee88f0efa6bfbafae1d4efb20f682775b7
174121,0,1,cross_corpus_conflict_resolved,dynamic_confirmed,bigvul:188215,9dc74c9d80f90af90c35e60c6e316d12fc3278b8
174185,0,1,cross_corpus_conflict_resolved,dynamic_confirmed,bigvul:188236,88c0d1c7884c677f96bcc89e1c5728c9cf67043b
174188,0,1,cross_corpus_conflict_resolved,dynamic_confirmed,bigvul:188237,4e0c788170fbdd8ae05a20dd9ede6bffd3deb05e
174345,0,1,cross_corpus_conflict_resolved,dynamic_confirmed,bigvul:187458,03a526a251e3371fd5467366fb53b131f29fe0f2
174409,0,1,cross_corpus_conflict_resolved,dynamic_confirmed,diversevul:2435_aff3da71821d,e836def194bb20edbfd76e2591bd617f7608f71f
174703,0,1,cross_corpus_conflict_resolved,dynamic_confirmed,bigvul:188068,b8ae21fd6082cb94d2c992687b0c6dff54bf30b1
174769,0,1,cross_corpus_conflict_resolved,dynamic_confirmed,bigvul:188125,bceed62df33bc22b4e6e8cbc9814ac707fc06f1f
175016,0,1,cross_corpus_conflict_resolved,dynamic_confirmed,bigvul:187948,a1a3eb8d3831797409a39920940c863632f3ca60
175017,0,1,cross_corpus_conflict_resolved,dynamic_confirmed,bigvul:187949,b7608cc6ab515ec3b608691e00d0e44d7f9f1708
175024,0,1,cross_corpus_conflict_resolved,dynamic_confirmed,bigvul:187931,d8dc6f992236d2381667390128e7c2e5623bd82c
175025,0,1,cross_corpus_conflict_resolved,dynamic_confirmed,bigvul:187932,d360a1449fcb351ccfbff3fc6d5ab8afdbe43ed6
175053,0,1,cross_corpus_conflict_resolved,dynamic_confirmed,bigvul:188105,79aa3e481fae20d9e8c8e083bca3097a0a8867a8
175182,0,1,cross_corpus_conflict_resolved,dynamic_confirmed,bigvul:188231,1376d56471708e0dfe8d1a1008da5765e2408fe0
175183,0,1,cross_corpus_conflict_resolved,dynamic_confirmed,bigvul:188232,9e09a193e5be3c3cedacc893c06cb62d2030b67f
175522,0,1,cross_corpus_conflict_resolved,dynamic_confirmed,bigvul:188124,9acacd6ab7875e2410e8e8b53fa0935d29e0c16a
175647,0,1,cross_corpus_conflict_resolved,dynamic_confirmed,bigvul:188035,0c2f18fad4fd81f2155a36c07014bc0683416334
175730,0,1,cross_corpus_conflict_resolved,dynamic_confirmed,bigvul:188022,5c603874792c3301d7fce614d7fcff86f62a73ed
175969,0,1,cross_corpus_conflict_resolved,dynamic_confirmed,bigvul:188096,e93b04b73b8960cb1b8297a6e492f168a78285ba
175970,0,1,cross_corpus_conflict_resolved,dynamic_confirmed,bigvul:188097,ed4064114419d75972f72e7a9fc7b863776ec2a9
176080,0,1,cross_corpus_conflict_resolved,dynamic_confirmed,bigvul:188634,71b1d9187a0c62a5e6d05153629975bcc6f0cd03
176428,0,1,cross_corpus_conflict_resolved,dynamic_confirmed,bigvul:188107,d1a6b72dc04ab7833177b30badd525d0f2ceec65
176682,0,1,cross_corpus_conflict_resolved,dynamic_confirmed,bigvul:180838,4895651f65a4bbe615ce40ef43b0f3a5769c7b8d
176709,0,1,cross_corpus_conflict_resolved,dynamic_confirmed,bigvul:187379,b3cc4f23b872ca2552308d448196b84959a09791
176714,0,1,cross_corpus_conflict_resolved,dynamic_confirmed,bigvul:187406,f724d0e6ebd3f48f44dac712c366d21ae6af8b9c
176812,0,1,cross_corpus_conflict_resolved,dynamic_confirmed,bigvul:187420,205503004a41244850555035363ae8f66d3cccf6
176878,0,1,cross_corpus_conflict_resolved,dynamic_confirmed,bigvul:187782,83d8edc97f4143fe6b4ff1e9b50dad80f3954c84
177087,0,1,cross_corpus_conflict_resolved,dynamic_confirmed,bigvul:187535,15a722b9caa09c18541f17dfb98250617dbeb458
177091,0,1,cross_corpus_conflict_resolved,dynamic_confirmed,bigvul:188035,0c2f18fad4fd81f2155a36c07014bc0683416334
177156,0,1,cross_corpus_conflict_resolved,dynamic_confirmed,bigvul:187800,59a5bee33513d101296d5b95d540bd58df09b9c0
177157,0,1,cross_corpus_conflict_resolved,dynamic_confirmed,bigvul:187801,efc2e2a385db927976d0b49f628237bf8fe17b6e
177158,0,1,cross_corpus_conflict_resolved,dynamic_confirmed,bigvul:187424,de84f62c932fd54b790e58e12dab10fe458760e9
177159,0,1,cross_corpus_conflict_resolved,dynamic_confirmed,bigvul:187799,69ddfdb6bd68d811c0fe075a2656e71b55d24b9b
177168,0,1,cross_corpus_conflict_resolved,dynamic_confirmed,bigvul:187798,e256776793b5d5ce47e73ddc97b6aaf476633a58
177169,0,1,cross_corpus_conflict_resolved,dynamic_confirmed,bigvul:187438,502fc61fa9af886ca9084685e2140dcd2a30cb35
177386,0,1,cross_corpus_conflict_resolved,dynamic_confirmed,bigvul:187837,a977fe2486b05d029b85778e4bc05202b08d1852
177502,0,1,cross_corpus_conflict_resolved,dynamic_confirmed,bigvul:187837,a977fe2486b05d029b85778e4bc05202b08d1852
177743,1,0,label_noise_corrected,dynamic_attack_negative,,
177753,1,0,label_noise_corrected,dynamic_attack_negative,,
177755,1,0,label_noise_corrected,dynamic_attack_negative,,
177756,1,0,label_noise_corrected,dynamic_attack_negative,,
177767,1,0,label_noise_corrected,dynamic_attack_negative,,
177780,1,0,label_noise_corrected,dynamic_attack_negative,,
177785,1,0,label_noise_corrected,dynamic_attack_negative,,
177786,1,0,label_noise_corrected,dynamic_attack_negative,,
177804,1,0,label_noise_corrected,dynamic_attack_negative,,
177814,1,0,label_noise_corrected,dynamic_attack_negative,,
177817,1,0,label_noise_corrected,dynamic_attack_negative,,
177827,1,0,label_noise_corrected,dynamic_attack_negative,,
177829,1,0,label_noise_corrected,dynamic_attack_negative,,
177916,1,0,label_noise_corrected,dynamic_attack_negative,,
177932,1,0,label_noise_corrected,dynamic_attack_negative,,
177986,1,0,label_noise_corrected,dynamic_attack_negative,,
177997,1,0,label_noise_corrected,dynamic_attack_negative,,
178000,1,0,label_noise_corrected,dynamic_attack_negative,,
178032,1,0,label_noise_corrected,dynamic_attack_negative,,
178033,1,0,label_noise_corrected,dynamic_attack_negative,,
178042,1,0,label_noise_corrected,dynamic_attack_negative,,
178043,1,0,label_noise_corrected,dynamic_attack_negative,,
178045,1,0,label_noise_corrected,dynamic_attack_negative,,
178048,1,0,label_noise_corrected,dynamic_attack_negative,,
178049,1,0,label_noise_corrected,dynamic_attack_negative,,
178067,1,0,label_noise_corrected,dynamic_attack_negative,,
178110,1,0,label_noise_corrected,dynamic_attack_negative,,
178114,1,0,label_noise_corrected,dynamic_attack_negative,,
178140,1,0,label_noise_corrected,dynamic_attack_negative,,
178142,1,0,label_noise_corrected,dynamic_attack_negative,,
178143,1,0,label_noise_corrected,dynamic_attack_negative,,
178144,1,0,label_noise_corrected,dynamic_attack_negative,,
178145,1,0,label_noise_corrected,dynamic_attack_negative,,
178146,1,0,label_noise_corrected,dynamic_attack_negative,,
178147,1,0,label_noise_corrected,dynamic_attack_negative,,
178148,1,0,label_noise_corrected,dynamic_attack_negative,,
178149,1,0,label_noise_corrected,dynamic_attack_negative,,
178150,1,0,label_noise_corrected,dynamic_attack_negative,,
178151,1,0,label_noise_corrected,dynamic_attack_negative,,
178154,1,0,label_noise_corrected,dynamic_attack_negative,,
178155,1,0,label_noise_corrected,dynamic_attack_negative,,
178161,1,0,label_noise_corrected,dynamic_attack_negative,,
178197,1,0,label_noise_corrected,dynamic_attack_negative,,
178201,1,0,label_noise_corrected,dynamic_attack_negative,,
178207,1,0,label_noise_corrected,dynamic_attack_negative,,
178208,1,0,label_noise_corrected,dynamic_attack_negative,,
178210,1,0,label_noise_corrected,dynamic_attack_negative,,
178213,1,0,label_noise_corrected,dynamic_attack_negative,,
178215,1,0,label_noise_corrected,dynamic_attack_negative,,
178216,1,0,label_noise_corrected,dynamic_attack_negative,,
178217,1,0,label_noise_corrected,dynamic_attack_negative,,
178219,1,0,label_noise_corrected,dynamic_attack_negative,,
178221,1,0,label_noise_corrected,dynamic_attack_negative,,
178261,1,0,label_noise_corrected,dynamic_attack_negative,,
178262,1,0,label_noise_corrected,dynamic_attack_negative,,
178264,1,0,label_noise_corrected,dynamic_attack_negative,,
178266,1,0,label_noise_corrected,dynamic_attack_negative,,
178268,1,0,label_noise_corrected,dynamic_attack_negative,,
178271,1,0,label_noise_corrected,dynamic_attack_negative,,
178272,1,0,label_noise_corrected,dynamic_attack_negative,,
178273,1,0,label_noise_corrected,dynamic_attack_negative,,
178274,1,0,label_noise_corrected,dynamic_attack_negative,,
178275,1,0,label_noise_corrected,dynamic_attack_negative,,
178276,1,0,label_noise_corrected,dynamic_attack_negative,,
178280,1,0,label_noise_corrected,dynamic_attack_negative,,
178281,1,0,label_noise_corrected,dynamic_attack_negative,,
178282,1,0,label_noise_corrected,dynamic_attack_negative,,
178283,1,0,label_noise_corrected,dynamic_attack_negative,,
178284,1,0,label_noise_corrected,dynamic_attack_negative,,
178285,1,0,label_noise_corrected,dynamic_attack_negative,,
178286,1,0,label_noise_corrected,dynamic_attack_negative,,
178288,1,0,label_noise_corrected,dynamic_attack_negative,,
178289,1,0,label_noise_corrected,dynamic_attack_negative,,
178291,1,0,label_noise_corrected,dynamic_attack_negative,,
178292,1,0,label_noise_corrected,dynamic_attack_negative,,
178293,1,0,label_noise_corrected,dynamic_attack_negative,,
178294,1,0,label_noise_corrected,dynamic_attack_negative,,
178295,1,0,label_noise_corrected,dynamic_attack_negative,,
178296,1,0,label_noise_corrected,dynamic_attack_negative,,
178297,1,0,label_noise_corrected,dynamic_attack_negative,,
178298,1,0,label_noise_corrected,dynamic_attack_negative,,
178299,1,0,label_noise_corrected,dynamic_attack_negative,,
178304,1,0,label_noise_corrected,dynamic_attack_negative,,
178305,1,0,label_noise_corrected,dynamic_attack_negative,,
178314,1,0,label_noise_corrected,dynamic_attack_negative,,
178316,1,0,label_noise_corrected,dynamic_attack_negative,,
178336,1,0,label_noise_corrected,dynamic_attack_negative,,
178371,1,0,label_noise_corrected,dynamic_attack_negative,,
178438,1,0,label_noise_corrected,dynamic_attack_negative,,
178464,1,0,label_noise_corrected,dynamic_attack_negative,,
178465,1,0,label_noise_corrected,dynamic_attack_negative,,
178466,1,0,label_noise_corrected,dynamic_attack_negative,,
178467,1,0,label_noise_corrected,dynamic_attack_negative,,
178468,1,0,label_noise_corrected,dynamic_attack_negative,,
178469,1,0,label_noise_corrected,dynamic_attack_negative,,
178487,1,0,label_noise_corrected,dynamic_attack_negative,,
178489,1,0,label_noise_corrected,dynamic_attack_negative,,
178547,1,0,label_noise_corrected,dynamic_attack_negative,,
178572,1,0,label_noise_corrected,dynamic_attack_negative,,
178635,1,0,label_noise_corrected,dynamic_attack_negative,,
178637,1,0,label_noise_corrected,dynamic_attack_negative,,
178638,1,0,label_noise_corrected,dynamic_attack_negative,,
178646,1,0,label_noise_corrected,dynamic_attack_negative,,
178647,1,0,label_noise_corrected,dynamic_attack_negative,,
178649,1,0,label_noise_corrected,dynamic_attack_negative,,
178650,1,0,label_noise_corrected,dynamic_attack_negative,,
178651,1,0,label_noise_corrected,dynamic_attack_negative,,
178652,1,0,label_noise_corrected,dynamic_attack_negative,,
178653,1,0,label_noise_corrected,dynamic_attack_negative,,
178654,1,0,label_noise_corrected,dynamic_attack_negative,,
178658,1,0,label_noise_corrected,dynamic_attack_negative,,
178662,1,0,label_noise_corrected,dynamic_attack_negative,,
178667,1,0,label_noise_corrected,dynamic_attack_negative,,
178668,1,0,label_noise_corrected,dynamic_attack_negative,,
178669,1,0,label_noise_corrected,dynamic_attack_negative,,
178672,1,0,label_noise_corrected,dynamic_attack_negative,,
178673,1,0,label_noise_corrected,dynamic_attack_negative,,
178675,1,0,label_noise_corrected,dynamic_attack_negative,,
178713,1,0,label_noise_corrected,dynamic_attack_negative,,
178744,1,0,label_noise_corrected,dynamic_attack_negative,,
178767,1,0,label_noise_corrected,dynamic_attack_negative,,
178782,1,0,label_noise_corrected,dynamic_attack_negative,,
178785,1,0,label_noise_corrected,dynamic_attack_negative,,
178811,1,0,label_noise_corrected,dynamic_attack_negative,,
178829,1,0,label_noise_corrected,dynamic_attack_negative,,
178834,1,0,label_noise_corrected,dynamic_attack_negative,,
178835,1,0,label_noise_corrected,dynamic_attack_negative,,
178848,1,0,label_noise_corrected,dynamic_attack_negative,,
178850,1,0,label_noise_corrected,dynamic_attack_negative,,
178854,1,0,label_noise_corrected,dynamic_attack_negative,,
178857,1,0,label_noise_corrected,dynamic_attack_negative,,
178859,1,0,label_noise_corrected,dynamic_attack_negative,,
178861,1,0,label_noise_corrected,dynamic_attack_negative,,
178862,1,0,label_noise_corrected,dynamic_attack_negative,,
178863,1,0,label_noise_corrected,dynamic_attack_negative,,
178865,1,0,label_noise_corrected,dynamic_attack_negative,,
178866,1,0,label_noise_corrected,dynamic_attack_negative,,
178867,1,0,label_noise_corrected,dynamic_attack_negative,,
178868,1,0,label_noise_corrected,dynamic_attack_negative,,
178869,1,0,label_noise_corrected,dynamic_attack_negative,,
178870,1,0,label_noise_corrected,dynamic_attack_negative,,
178872,1,0,label_noise_corrected,dynamic_attack_negative,,
178875,1,0,label_noise_corrected,dynamic_attack_negative,,
178877,1,0,label_noise_corrected,dynamic_attack_negative,,
178878,1,0,label_noise_corrected,dynamic_attack_negative,,
178879,1,0,label_noise_corrected,dynamic_attack_negative,,
178880,1,0,label_noise_corrected,dynamic_attack_negative,,
178881,1,0,label_noise_corrected,dynamic_attack_negative,,
178882,1,0,label_noise_corrected,dynamic_attack_negative,,
178883,1,0,label_noise_corrected,dynamic_attack_negative,,
178884,1,0,label_noise_corrected,dynamic_attack_negative,,
178944,1,0,label_noise_corrected,dynamic_attack_negative,,
178945,1,0,label_noise_corrected,dynamic_attack_negative,,
178946,1,0,label_noise_corrected,dynamic_attack_negative,,
178947,1,0,label_noise_corrected,dynamic_attack_negative,,
178948,1,0,label_noise_corrected,dynamic_attack_negative,,
178949,1,0,label_noise_corrected,dynamic_attack_negative,,
178950,1,0,label_noise_corrected,dynamic_attack_negative,,
178951,1,0,label_noise_corrected,dynamic_attack_negative,,
178952,1,0,label_noise_corrected,dynamic_attack_negative,,
178953,1,0,label_noise_corrected,dynamic_attack_negative,,
178954,1,0,label_noise_corrected,dynamic_attack_negative,,
178955,1,0,label_noise_corrected,dynamic_attack_negative,,
178956,1,0,label_noise_corrected,dynamic_attack_negative,,
178958,1,0,label_noise_corrected,dynamic_attack_negative,,
178959,1,0,label_noise_corrected,dynamic_attack_negative,,
178960,1,0,label_noise_corrected,dynamic_attack_negative,,
178961,1,0,label_noise_corrected,dynamic_attack_negative,,
178962,1,0,label_noise_corrected,dynamic_attack_negative,,
178963,1,0,label_noise_corrected,dynamic_attack_negative,,
178965,1,0,label_noise_corrected,dynamic_attack_negative,,
178966,1,0,label_noise_corrected,dynamic_attack_negative,,
178968,1,0,label_noise_corrected,dynamic_attack_negative,,
178969,1,0,label_noise_corrected,dynamic_attack_negative,,
178970,1,0,label_noise_corrected,dynamic_attack_negative,,
178971,1,0,label_noise_corrected,dynamic_attack_negative,,
178972,1,0,label_noise_corrected,dynamic_attack_negative,,
178973,1,0,label_noise_corrected,dynamic_attack_negative,,
178974,1,0,label_noise_corrected,dynamic_attack_negative,,
178975,1,0,label_noise_corrected,dynamic_attack_negative,,
178976,1,0,label_noise_corrected,dynamic_attack_negative,,
178977,1,0,label_noise_corrected,dynamic_attack_negative,,
178978,1,0,label_noise_corrected,dynamic_attack_negative,,
178979,1,0,label_noise_corrected,dynamic_attack_negative,,
178980,1,0,label_noise_corrected,dynamic_attack_negative,,
178984,1,0,label_noise_corrected,dynamic_attack_negative,,
178985,1,0,label_noise_corrected,dynamic_attack_negative,,
178986,1,0,label_noise_corrected,dynamic_attack_negative,,
178987,1,0,label_noise_corrected,dynamic_attack_negative,,
178988,1,0,label_noise_corrected,dynamic_attack_negative,,
178989,1,0,label_noise_corrected,dynamic_attack_negative,,
178990,1,0,label_noise_corrected,dynamic_attack_negative,,
178991,1,0,label_noise_corrected,dynamic_attack_negative,,
178992,1,0,label_noise_corrected,dynamic_attack_negative,,
178993,1,0,label_noise_corrected,dynamic_attack_negative,,
178994,1,0,label_noise_corrected,dynamic_attack_negative,,
178995,1,0,label_noise_corrected,dynamic_attack_negative,,
178996,1,0,label_noise_corrected,dynamic_attack_negative,,
178997,1,0,label_noise_corrected,dynamic_attack_negative,,
178999,1,0,label_noise_corrected,dynamic_attack_negative,,
179000,1,0,label_noise_corrected,dynamic_attack_negative,,
179001,1,0,label_noise_corrected,dynamic_attack_negative,,
179006,1,0,label_noise_corrected,dynamic_attack_negative,,
179008,1,0,label_noise_corrected,dynamic_attack_negative,,
179009,1,0,label_noise_corrected,dynamic_attack_negative,,
179010,1,0,label_noise_corrected,dynamic_attack_negative,,
179011,1,0,label_noise_corrected,dynamic_attack_negative,,
179012,1,0,label_noise_corrected,dynamic_attack_negative,,
179013,1,0,label_noise_corrected,dynamic_attack_negative,,
179015,1,0,label_noise_corrected,dynamic_attack_negative,,
179017,1,0,label_noise_corrected,dynamic_attack_negative,,
179035,1,0,label_noise_corrected,dynamic_attack_negative,,
179037,1,0,label_noise_corrected,dynamic_attack_negative,,
179038,1,0,label_noise_corrected,dynamic_attack_negative,,
179058,1,0,label_noise_corrected,dynamic_attack_negative,,
179154,1,0,label_noise_corrected,dynamic_attack_negative,,
179192,1,0,label_noise_corrected,dynamic_attack_negative,,
179291,1,0,label_noise_corrected,dynamic_attack_negative,,
179323,1,0,label_noise_corrected,dynamic_attack_negative,,
179324,1,0,label_noise_corrected,dynamic_attack_negative,,
179450,1,0,label_noise_corrected,dynamic_attack_negative,,
179451,1,0,label_noise_corrected,dynamic_attack_negative,,
179503,1,0,label_noise_corrected,dynamic_attack_negative,,
179509,1,0,label_noise_corrected,dynamic_attack_negative,,
179513,1,0,label_noise_corrected,dynamic_attack_negative,,
179514,1,0,label_noise_corrected,dynamic_attack_negative,,
179515,1,0,label_noise_corrected,dynamic_attack_negative,,
179517,1,0,label_noise_corrected,dynamic_attack_negative,,
179550,1,0,label_noise_corrected,dynamic_attack_negative,,
179557,1,0,label_noise_corrected,dynamic_attack_negative,,
179558,1,0,label_noise_corrected,dynamic_attack_negative,,
179642,1,0,label_noise_corrected,dynamic_attack_negative,,
179643,1,0,label_noise_corrected,dynamic_attack_negative,,
179644,1,0,label_noise_corrected,dynamic_attack_negative,,
179645,1,0,label_noise_corrected,dynamic_attack_negative,,
179657,1,0,identical_to_a_fixed_function,normalised body identical to the post-fix side of bigvul:179219,bigvul:179219#fixed,
179661,1,0,label_noise_corrected,dynamic_attack_negative,,
179662,1,0,label_noise_corrected,dynamic_attack_negative,,
179663,1,0,label_noise_corrected,dynamic_attack_negative,,
179664,1,0,label_noise_corrected,dynamic_attack_negative,,
179665,1,0,label_noise_corrected,dynamic_attack_negative,,
179666,1,0,identical_to_a_fixed_function,normalised body identical to the post-fix side of bigvul:179214,bigvul:179214#fixed,
179667,1,0,label_noise_corrected,dynamic_attack_negative,,
179669,1,0,label_noise_corrected,dynamic_attack_negative,,
179673,1,0,label_noise_corrected,dynamic_attack_negative,,
179674,1,0,label_noise_corrected,dynamic_attack_negative,,
179675,1,0,label_noise_corrected,dynamic_attack_negative,,
179678,1,0,label_noise_corrected,dynamic_attack_negative,,
179679,1,0,label_noise_corrected,dynamic_attack_negative,,
179681,1,0,label_noise_corrected,dynamic_attack_negative,,
179684,1,0,label_noise_corrected,dynamic_attack_negative,,
179689,1,0,label_noise_corrected,dynamic_attack_negative,,
179690,1,0,label_noise_corrected,dynamic_attack_negative,,
179691,1,0,label_noise_corrected,dynamic_attack_negative,,
179692,1,0,label_noise_corrected,dynamic_attack_negative,,
179693,1,0,label_noise_corrected,dynamic_attack_negative,,
179694,1,0,label_noise_corrected,dynamic_attack_negative,,
179695,1,0,label_noise_corrected,dynamic_attack_negative,,
179754,1,0,label_noise_corrected,dynamic_attack_negative,,
179792,1,0,label_noise_corrected,dynamic_attack_negative,,
179793,1,0,label_noise_corrected,dynamic_attack_negative,,
179817,1,0,label_noise_corrected,dynamic_attack_negative,,
179819,1,0,label_noise_corrected,dynamic_attack_negative,,
179820,1,0,label_noise_corrected,dynamic_attack_negative,,
179821,1,0,label_noise_corrected,dynamic_attack_negative,,
179822,1,0,label_noise_corrected,dynamic_attack_negative,,
179826,1,0,label_noise_corrected,dynamic_attack_negative,,
179831,1,0,label_noise_corrected,dynamic_attack_negative,,
179869,1,0,label_noise_corrected,dynamic_attack_negative,,
179871,1,0,label_noise_corrected,dynamic_attack_negative,,
179891,1,0,label_noise_corrected,dynamic_attack_negative,,
179920,1,0,label_noise_corrected,dynamic_attack_negative,,
179969,1,0,label_noise_corrected,dynamic_attack_negative,,
179997,1,0,label_noise_corrected,dynamic_attack_negative,,
179999,1,0,label_noise_corrected,dynamic_attack_negative,,
180026,1,0,label_noise_corrected,dynamic_attack_negative,,
180029,1,0,label_noise_corrected,dynamic_attack_negative,,
180077,1,0,label_noise_corrected,dynamic_attack_negative,,
180079,1,0,label_noise_corrected,dynamic_attack_negative,,
180110,1,0,label_noise_corrected,dynamic_attack_negative,,
180111,1,0,label_noise_corrected,dynamic_attack_negative,,
180126,1,0,label_noise_corrected,dynamic_attack_negative,,
180127,1,0,label_noise_corrected,dynamic_attack_negative,,
180128,1,0,label_noise_corrected,dynamic_attack_negative,,
180262,1,0,label_noise_corrected,dynamic_attack_negative,,
180269,1,0,label_noise_corrected,dynamic_attack_negative,,
180283,1,0,label_noise_corrected,dynamic_attack_negative,,
180285,1,0,label_noise_corrected,dynamic_attack_negative,,
180286,1,0,label_noise_corrected,dynamic_attack_negative,,
180290,1,0,label_noise_corrected,dynamic_attack_negative,,
180291,1,0,label_noise_corrected,dynamic_attack_negative,,
180292,1,0,label_noise_corrected,dynamic_attack_negative,,
180293,1,0,label_noise_corrected,dynamic_attack_negative,,
180294,1,0,label_noise_corrected,dynamic_attack_negative,,
180296,1,0,label_noise_corrected,dynamic_attack_negative,,
180300,1,0,label_noise_corrected,dynamic_attack_negative,,
180546,1,0,label_noise_corrected,dynamic_attack_negative,,
180586,1,0,label_noise_corrected,dynamic_attack_negative,,
180590,1,0,label_noise_corrected,dynamic_attack_negative,,
180591,1,0,label_noise_corrected,dynamic_attack_negative,,
180592,1,0,label_noise_corrected,dynamic_attack_negative,,
180596,1,0,label_noise_corrected,dynamic_attack_negative,,
180599,1,0,label_noise_corrected,dynamic_attack_negative,,
180600,1,0,label_noise_corrected,dynamic_attack_negative,,
180627,1,0,label_noise_corrected,dynamic_attack_negative,,
180634,1,0,label_noise_corrected,dynamic_attack_negative,,
180680,1,0,label_noise_corrected,dynamic_attack_negative,,
180683,1,0,label_noise_corrected,dynamic_attack_negative,,
180685,1,0,label_noise_corrected,dynamic_attack_negative,,
180686,1,0,label_noise_corrected,dynamic_attack_negative,,
180688,1,0,label_noise_corrected,dynamic_attack_negative,,
180689,1,0,label_noise_corrected,dynamic_attack_negative,,
180691,1,0,label_noise_corrected,dynamic_attack_negative,,
180692,1,0,label_noise_corrected,dynamic_attack_negative,,
180840,1,0,label_noise_corrected,dynamic_attack_negative,,
180855,1,0,label_noise_corrected,dynamic_attack_negative,,
180921,1,0,label_noise_corrected,dynamic_attack_negative,,
180923,1,0,label_noise_corrected,dynamic_attack_negative,,
180935,1,0,label_noise_corrected,dynamic_attack_negative,,
180981,1,0,label_noise_corrected,dynamic_attack_negative,,
180983,1,0,label_noise_corrected,dynamic_attack_negative,,
180984,1,0,label_noise_corrected,dynamic_attack_negative,,
180985,1,0,label_noise_corrected,dynamic_attack_negative,,
181007,1,0,label_noise_corrected,dynamic_attack_negative,,
181031,1,0,label_noise_corrected,dynamic_attack_negative,,
181097,1,0,label_noise_corrected,dynamic_attack_negative,,
181145,1,0,label_noise_corrected,dynamic_attack_negative,,
181216,1,0,label_noise_corrected,dynamic_attack_negative,,
181220,1,0,label_noise_corrected,dynamic_attack_negative,,
181221,1,0,label_noise_corrected,dynamic_attack_negative,,
181223,1,0,label_noise_corrected,dynamic_attack_negative,,
181225,1,0,label_noise_corrected,dynamic_attack_negative,,
181260,1,0,label_noise_corrected,dynamic_attack_negative,,
181262,1,0,label_noise_corrected,dynamic_attack_negative,,
181263,1,0,label_noise_corrected,dynamic_attack_negative,,
181272,1,0,label_noise_corrected,dynamic_attack_negative,,
181274,1,0,label_noise_corrected,dynamic_attack_negative,,
181275,1,0,label_noise_corrected,dynamic_attack_negative,,
181285,1,0,label_noise_corrected,dynamic_attack_negative,,
181307,1,0,label_noise_corrected,dynamic_attack_negative,,
181311,1,0,label_noise_corrected,dynamic_attack_negative,,
181319,1,0,label_noise_corrected,dynamic_attack_negative,,
181325,1,0,label_noise_corrected,dynamic_attack_negative,,
181327,1,0,label_noise_corrected,dynamic_attack_negative,,
181329,1,0,label_noise_corrected,dynamic_attack_negative,,
181343,1,0,label_noise_corrected,dynamic_attack_negative,,
181344,1,0,label_noise_corrected,dynamic_attack_negative,,
181349,1,0,label_noise_corrected,dynamic_attack_negative,,
181350,1,0,label_noise_corrected,dynamic_attack_negative,,
181375,1,0,label_noise_corrected,dynamic_attack_negative,,
181404,1,0,label_noise_corrected,dynamic_attack_negative,,
181405,1,0,label_noise_corrected,dynamic_attack_negative,,
181406,1,0,label_noise_corrected,dynamic_attack_negative,,
181407,1,0,label_noise_corrected,dynamic_attack_negative,,
181447,1,0,label_noise_corrected,dynamic_attack_negative,,
181462,1,0,label_noise_corrected,dynamic_attack_negative,,
181491,1,0,label_noise_corrected,dynamic_attack_negative,,
181526,1,0,label_noise_corrected,dynamic_attack_negative,,
181527,1,0,label_noise_corrected,dynamic_attack_negative,,
181535,1,0,label_noise_corrected,dynamic_attack_negative,,
181548,1,0,label_noise_corrected,dynamic_attack_negative,,
181576,1,0,label_noise_corrected,dynamic_attack_negative,,
181577,1,0,label_noise_corrected,dynamic_attack_negative,,
181609,1,0,label_noise_corrected,dynamic_attack_negative,,
181644,1,0,label_noise_corrected,dynamic_attack_negative,,
181654,1,0,label_noise_corrected,dynamic_attack_negative,,
181655,1,0,label_noise_corrected,dynamic_attack_negative,,
181656,1,0,label_noise_corrected,dynamic_attack_negative,,
181657,1,0,label_noise_corrected,dynamic_attack_negative,,
181659,1,0,label_noise_corrected,dynamic_attack_negative,,
181712,1,0,label_noise_corrected,dynamic_attack_negative,,
181715,1,0,label_noise_corrected,dynamic_attack_negative,,
181722,1,0,label_noise_corrected,dynamic_attack_negative,,
181733,1,0,label_noise_corrected,dynamic_attack_negative,,
181737,1,0,label_noise_corrected,dynamic_attack_negative,,
181741,1,0,label_noise_corrected,dynamic_attack_negative,,
181742,1,0,label_noise_corrected,dynamic_attack_negative,,
181747,1,0,label_noise_corrected,dynamic_attack_negative,,
181748,1,0,label_noise_corrected,dynamic_attack_negative,,
181750,1,0,label_noise_corrected,dynamic_attack_negative,,
181753,1,0,label_noise_corrected,dynamic_attack_negative,,
181757,1,0,label_noise_corrected,dynamic_attack_negative,,
181759,1,0,label_noise_corrected,dynamic_attack_negative,,
181764,1,0,label_noise_corrected,dynamic_attack_negative,,
181765,1,0,label_noise_corrected,dynamic_attack_negative,,
181770,1,0,label_noise_corrected,dynamic_attack_negative,,
181772,1,0,label_noise_corrected,dynamic_attack_negative,,
181773,1,0,label_noise_corrected,dynamic_attack_negative,,
181775,1,0,label_noise_corrected,dynamic_attack_negative,,
181781,1,0,label_noise_corrected,dynamic_attack_negative,,
181788,1,0,label_noise_corrected,dynamic_attack_negative,,
181794,1,0,label_noise_corrected,dynamic_attack_negative,,
181795,1,0,label_noise_corrected,dynamic_attack_negative,,
181801,1,0,label_noise_corrected,dynamic_attack_negative,,
181826,1,0,label_noise_corrected,dynamic_attack_negative,,
181827,1,0,label_noise_corrected,dynamic_attack_negative,,
181837,1,0,label_noise_corrected,dynamic_attack_negative,,
181850,1,0,label_noise_corrected,dynamic_attack_negative,,
181852,1,0,label_noise_corrected,dynamic_attack_negative,,
181970,1,0,label_noise_corrected,dynamic_attack_negative,,
182017,1,0,label_noise_corrected,dynamic_attack_negative,,
182032,1,0,label_noise_corrected,dynamic_attack_negative,,
182033,1,0,label_noise_corrected,dynamic_attack_negative,,
182061,1,0,label_noise_corrected,dynamic_attack_negative,,
182062,1,0,label_noise_corrected,dynamic_attack_negative,,
182127,1,0,label_noise_corrected,dynamic_attack_negative,,
182153,1,0,label_noise_corrected,dynamic_attack_negative,,
182155,1,0,label_noise_corrected,dynamic_attack_negative,,
182156,1,0,label_noise_corrected,dynamic_attack_negative,,
182264,1,0,label_noise_corrected,dynamic_attack_negative,,
182315,1,0,label_noise_corrected,dynamic_attack_negative,,
182317,1,0,label_noise_corrected,dynamic_attack_negative,,
182318,1,0,label_noise_corrected,dynamic_attack_negative,,
182319,1,0,label_noise_corrected,dynamic_attack_negative,,
182338,1,0,label_noise_corrected,dynamic_attack_negative,,
182356,1,0,label_noise_corrected,dynamic_attack_negative,,
182397,1,0,label_noise_corrected,dynamic_attack_negative,,
182398,1,0,label_noise_corrected,dynamic_attack_negative,,
182495,1,0,label_noise_corrected,dynamic_attack_negative,,
182502,1,0,label_noise_corrected,dynamic_attack_negative,,
182513,1,0,label_noise_corrected,dynamic_attack_negative,,
182514,1,0,label_noise_corrected,dynamic_attack_negative,,
182517,1,0,label_noise_corrected,dynamic_attack_negative,,
182570,1,0,label_noise_corrected,dynamic_attack_negative,,
182572,1,0,label_noise_corrected,dynamic_attack_negative,,
182573,1,0,label_noise_corrected,dynamic_attack_negative,,
182660,1,0,label_noise_corrected,dynamic_attack_negative,,
182668,1,0,label_noise_corrected,dynamic_attack_negative,,
182679,1,0,label_noise_corrected,dynamic_attack_negative,,
182702,1,0,label_noise_corrected,dynamic_attack_negative,,
182703,1,0,label_noise_corrected,dynamic_attack_negative,,
182711,1,0,label_noise_corrected,dynamic_attack_negative,,
182729,1,0,label_noise_corrected,dynamic_attack_negative,,
182844,1,0,label_noise_corrected,dynamic_attack_negative,,
182845,1,0,label_noise_corrected,dynamic_attack_negative,,
182846,1,0,label_noise_corrected,dynamic_attack_negative,,
182853,1,0,label_noise_corrected,dynamic_attack_negative,,
182854,1,0,label_noise_corrected,dynamic_attack_negative,,
182875,1,0,label_noise_corrected,dynamic_attack_negative,,
182915,1,0,label_noise_corrected,dynamic_attack_negative,,
182916,1,0,label_noise_corrected,dynamic_attack_negative,,
182924,1,0,label_noise_corrected,dynamic_attack_negative,,
182925,1,0,label_noise_corrected,dynamic_attack_negative,,
182929,1,0,label_noise_corrected,dynamic_attack_negative,,
182930,1,0,label_noise_corrected,dynamic_attack_negative,,
183010,1,0,label_noise_corrected,dynamic_attack_negative,,
183011,1,0,label_noise_corrected,dynamic_attack_negative,,
183038,1,0,label_noise_corrected,dynamic_attack_negative,,
183052,1,0,label_noise_corrected,dynamic_attack_negative,,
183053,1,0,label_noise_corrected,dynamic_attack_negative,,
183055,1,0,label_noise_corrected,dynamic_attack_negative,,
183118,1,0,label_noise_corrected,dynamic_attack_negative,,
183122,1,0,label_noise_corrected,dynamic_attack_negative,,
183125,1,0,label_noise_corrected,dynamic_attack_negative,,
183127,1,0,label_noise_corrected,dynamic_attack_negative,,
183129,1,0,label_noise_corrected,dynamic_attack_negative,,
183131,1,0,label_noise_corrected,dynamic_attack_negative,,
183133,1,0,label_noise_corrected,dynamic_attack_negative,,
183145,1,0,label_noise_corrected,dynamic_attack_negative,,
183171,1,0,label_noise_corrected,dynamic_attack_negative,,
183172,1,0,label_noise_corrected,dynamic_attack_negative,,
183182,1,0,label_noise_corrected,dynamic_attack_negative,,
183188,1,0,label_noise_corrected,dynamic_attack_negative,,
183190,1,0,label_noise_corrected,dynamic_attack_negative,,
183276,1,0,label_noise_corrected,dynamic_attack_negative,,
183295,1,0,label_noise_corrected,dynamic_attack_negative,,
183312,1,0,label_noise_corrected,dynamic_attack_negative,,
183313,1,0,label_noise_corrected,dynamic_attack_negative,,
183314,1,0,label_noise_corrected,dynamic_attack_negative,,
183315,1,0,label_noise_corrected,dynamic_attack_negative,,
183316,1,0,label_noise_corrected,dynamic_attack_negative,,
183317,1,0,label_noise_corrected,dynamic_attack_negative,,
183318,1,0,label_noise_corrected,dynamic_attack_negative,,
183326,1,0,label_noise_corrected,dynamic_attack_negative,,
183327,1,0,label_noise_corrected,dynamic_attack_negative,,
183342,1,0,label_noise_corrected,dynamic_attack_negative,,
183352,1,0,label_noise_corrected,dynamic_attack_negative,,
183355,1,0,label_noise_corrected,dynamic_attack_negative,,
183360,1,0,label_noise_corrected,dynamic_attack_negative,,
183419,1,0,label_noise_corrected,dynamic_attack_negative,,
183453,1,0,label_noise_corrected,dynamic_attack_negative,,
183456,1,0,label_noise_corrected,dynamic_attack_negative,,
183457,1,0,label_noise_corrected,dynamic_attack_negative,,
183461,1,0,label_noise_corrected,dynamic_attack_negative,,
183464,1,0,label_noise_corrected,dynamic_attack_negative,,
183465,1,0,label_noise_corrected,dynamic_attack_negative,,
183529,1,0,label_noise_corrected,dynamic_attack_negative,,
183530,1,0,label_noise_corrected,dynamic_attack_negative,,
183531,1,0,label_noise_corrected,dynamic_attack_negative,,
183532,1,0,label_noise_corrected,dynamic_attack_negative,,
183533,1,0,label_noise_corrected,dynamic_attack_negative,,
183534,1,0,label_noise_corrected,dynamic_attack_negative,,
183535,1,0,label_noise_corrected,dynamic_attack_negative,,
183536,1,0,label_noise_corrected,dynamic_attack_negative,,
183537,1,0,label_noise_corrected,dynamic_attack_negative,,
183538,1,0,label_noise_corrected,dynamic_attack_negative,,
183539,1,0,label_noise_corrected,dynamic_attack_negative,,
183540,1,0,label_noise_corrected,dynamic_attack_negative,,
183541,1,0,label_noise_corrected,dynamic_attack_negative,,
183542,1,0,label_noise_corrected,dynamic_attack_negative,,
183543,1,0,label_noise_corrected,dynamic_attack_negative,,
183544,1,0,label_noise_corrected,dynamic_attack_negative,,
183545,1,0,label_noise_corrected,dynamic_attack_negative,,
183546,1,0,label_noise_corrected,dynamic_attack_negative,,
183547,1,0,label_noise_corrected,dynamic_attack_negative,,
183575,1,0,label_noise_corrected,dynamic_attack_negative,,
183576,1,0,label_noise_corrected,dynamic_attack_negative,,
183724,1,0,label_noise_corrected,dynamic_attack_negative,,
183857,1,0,label_noise_corrected,dynamic_attack_negative,,
183864,1,0,label_noise_corrected,dynamic_attack_negative,,
183885,1,0,label_noise_corrected,dynamic_attack_negative,,
183886,1,0,label_noise_corrected,dynamic_attack_negative,,
184012,1,0,label_noise_corrected,dynamic_attack_negative,,
184013,1,0,label_noise_corrected,dynamic_attack_negative,,
184209,1,0,label_noise_corrected,dynamic_attack_negative,,
184210,1,0,label_noise_corrected,dynamic_attack_negative,,
184962,1,0,label_noise_corrected,dynamic_attack_negative,,
184964,1,0,label_noise_corrected,dynamic_attack_negative,,
184966,1,0,label_noise_corrected,dynamic_attack_negative,,
184967,1,0,label_noise_corrected,dynamic_attack_negative,,
184968,1,0,label_noise_corrected,dynamic_attack_negative,,
184969,1,0,label_noise_corrected,dynamic_attack_negative,,
184970,1,0,label_noise_corrected,dynamic_attack_negative,,
184972,1,0,label_noise_corrected,dynamic_attack_negative,,
184973,1,0,label_noise_corrected,dynamic_attack_negative,,
184976,1,0,label_noise_corrected,dynamic_attack_negative,,
184977,1,0,label_noise_corrected,dynamic_attack_negative,,
184978,1,0,label_noise_corrected,dynamic_attack_negative,,
184980,1,0,label_noise_corrected,dynamic_attack_negative,,
184982,1,0,label_noise_corrected,dynamic_attack_negative,,
184984,1,0,label_noise_corrected,dynamic_attack_negative,,
184985,1,0,label_noise_corrected,dynamic_attack_negative,,
184994,1,0,label_noise_corrected,dynamic_attack_negative,,
185859,1,0,label_noise_corrected,dynamic_attack_negative,,
186130,1,0,label_noise_corrected,dynamic_attack_negative,,
186133,1,0,label_noise_corrected,dynamic_attack_negative,,
186134,1,0,label_noise_corrected,dynamic_attack_negative,,
186135,1,0,label_noise_corrected,dynamic_attack_negative,,
186136,1,0,label_noise_corrected,dynamic_attack_negative,,
186137,1,0,label_noise_corrected,dynamic_attack_negative,,
186138,1,0,label_noise_corrected,dynamic_attack_negative,,
186139,1,0,label_noise_corrected,dynamic_attack_negative,,
186140,1,0,label_noise_corrected,dynamic_attack_negative,,
186142,1,0,label_noise_corrected,dynamic_attack_negative,,
186144,1,0,label_noise_corrected,dynamic_attack_negative,,
186146,1,0,label_noise_corrected,dynamic_attack_negative,,
186148,1,0,label_noise_corrected,dynamic_attack_negative,,
186149,1,0,label_noise_corrected,dynamic_attack_negative,,
186150,1,0,label_noise_corrected,dynamic_attack_negative,,
186152,1,0,label_noise_corrected,dynamic_attack_negative,,
186153,1,0,label_noise_corrected,dynamic_attack_negative,,
186154,1,0,label_noise_corrected,dynamic_attack_negative,,
186155,1,0,label_noise_corrected,dynamic_attack_negative,,
186157,1,0,label_noise_corrected,dynamic_attack_negative,,
186158,1,0,label_noise_corrected,dynamic_attack_negative,,
186159,1,0,label_noise_corrected,dynamic_attack_negative,,
186160,1,0,label_noise_corrected,dynamic_attack_negative,,
186162,1,0,label_noise_corrected,dynamic_attack_negative,,
186163,1,0,label_noise_corrected,dynamic_attack_negative,,
186164,1,0,label_noise_corrected,dynamic_attack_negative,,
186798,1,0,label_noise_corrected,dynamic_attack_negative,,
186800,1,0,label_noise_corrected,dynamic_attack_negative,,
186808,1,0,label_noise_corrected,dynamic_attack_negative,,
186811,1,0,label_noise_corrected,dynamic_attack_negative,,
186812,1,0,label_noise_corrected,dynamic_attack_negative,,
186813,1,0,label_noise_corrected,dynamic_attack_negative,,
186819,1,0,label_noise_corrected,dynamic_attack_negative,,
186822,1,0,label_noise_corrected,dynamic_attack_negative,,
186823,1,0,label_noise_corrected,dynamic_attack_negative,,
186824,1,0,label_noise_corrected,dynamic_attack_negative,,
186901,1,0,label_noise_corrected,dynamic_attack_negative,,
186921,1,0,label_noise_corrected,dynamic_attack_negative,,
186922,1,0,label_noise_corrected,dynamic_attack_negative,,
186923,1,0,label_noise_corrected,dynamic_attack_negative,,
186924,1,0,label_noise_corrected,dynamic_attack_negative,,
186998,1,0,label_noise_corrected,dynamic_attack_negative,,
187223,1,0,label_noise_corrected,dynamic_attack_negative,,
187282,1,0,label_noise_corrected,dynamic_attack_negative,,
187284,1,0,label_noise_corrected,dynamic_attack_negative,,
187285,1,0,label_noise_corrected,dynamic_attack_negative,,
187288,1,0,label_noise_corrected,dynamic_attack_negative,,
187311,1,0,label_noise_corrected,dynamic_attack_negative,,
187312,1,0,label_noise_corrected,dynamic_attack_negative,,
187313,1,0,label_noise_corrected,dynamic_attack_negative,,
187314,1,0,label_noise_corrected,dynamic_attack_negative,,
187315,1,0,label_noise_corrected,dynamic_attack_negative,,
187318,1,0,label_noise_corrected,dynamic_attack_negative,,
187320,1,0,label_noise_corrected,dynamic_attack_negative,,
187321,1,0,label_noise_corrected,dynamic_attack_negative,,
187322,1,0,label_noise_corrected,dynamic_attack_negative,,
187326,1,0,label_noise_corrected,dynamic_attack_negative,,
187330,1,0,label_noise_corrected,dynamic_attack_negative,,
187332,1,0,label_noise_corrected,dynamic_attack_negative,,
187335,1,0,label_noise_corrected,dynamic_attack_negative,,
187336,1,0,label_noise_corrected,dynamic_attack_negative,,
187337,1,0,label_noise_corrected,dynamic_attack_negative,,
187338,1,0,label_noise_corrected,dynamic_attack_negative,,
187341,1,0,label_noise_corrected,dynamic_attack_negative,,
187367,1,0,label_noise_corrected,dynamic_attack_negative,,
187368,1,0,label_noise_corrected,dynamic_attack_negative,,
187371,1,0,label_noise_corrected,dynamic_attack_negative,,
187373,1,0,label_noise_corrected,dynamic_attack_negative,,
187374,1,0,label_noise_corrected,dynamic_attack_negative,,
187376,1,0,label_noise_corrected,dynamic_attack_negative,,
187401,1,0,label_noise_corrected,dynamic_attack_negative,,
187402,1,0,label_noise_corrected,dynamic_attack_negative,,
187410,1,0,label_noise_corrected,dynamic_attack_negative,,
187412,1,0,label_noise_corrected,dynamic_attack_negative,,
187425,1,0,label_noise_corrected,dynamic_attack_negative,,
187436,1,0,label_noise_corrected,dynamic_attack_negative,,
187440,1,0,label_noise_corrected,dynamic_attack_negative,,
187445,1,0,label_noise_corrected,dynamic_attack_negative,,
187450,1,0,label_noise_corrected,dynamic_attack_negative,,
187452,1,0,label_noise_corrected,dynamic_attack_negative,,
187455,1,0,label_noise_corrected,dynamic_attack_negative,,
187456,1,0,label_noise_corrected,dynamic_attack_negative,,
187457,1,0,label_noise_corrected,dynamic_attack_negative,,
187459,1,0,label_noise_corrected,dynamic_attack_negative,,
187460,1,0,label_noise_corrected,dynamic_attack_negative,,
187462,1,0,label_noise_corrected,dynamic_attack_negative,,
187463,1,0,label_noise_corrected,dynamic_attack_negative,,
187465,1,0,label_noise_corrected,dynamic_attack_negative,,
187469,1,0,label_noise_corrected,dynamic_attack_negative,,
187470,1,0,label_noise_corrected,dynamic_attack_negative,,
187471,1,0,label_noise_corrected,dynamic_attack_negative,,
187472,1,0,label_noise_corrected,dynamic_attack_negative,,
187475,1,0,label_noise_corrected,dynamic_attack_negative,,
187476,1,0,label_noise_corrected,dynamic_attack_negative,,
187478,1,0,label_noise_corrected,dynamic_attack_negative,,
187479,1,0,label_noise_corrected,dynamic_attack_negative,,
187480,1,0,label_noise_corrected,dynamic_attack_negative,,
187488,1,0,label_noise_corrected,dynamic_attack_negative,,
187489,1,0,label_noise_corrected,dynamic_attack_negative,,
187490,1,0,label_noise_corrected,dynamic_attack_negative,,
187491,1,0,label_noise_corrected,dynamic_attack_negative,,
187492,1,0,label_noise_corrected,dynamic_attack_negative,,
187493,1,0,label_noise_corrected,dynamic_attack_negative,,
187494,1,0,label_noise_corrected,dynamic_attack_negative,,
187495,1,0,label_noise_corrected,dynamic_attack_negative,,
187504,1,0,label_noise_corrected,dynamic_attack_negative,,
187505,1,0,label_noise_corrected,dynamic_attack_negative,,
187507,1,0,label_noise_corrected,dynamic_attack_negative,,
187508,1,0,label_noise_corrected,dynamic_attack_negative,,
187509,1,0,label_noise_corrected,dynamic_attack_negative,,
187510,1,0,label_noise_corrected,dynamic_attack_negative,,
187512,1,0,label_noise_corrected,dynamic_attack_negative,,
187513,1,0,label_noise_corrected,dynamic_attack_negative,,
187517,1,0,label_noise_corrected,dynamic_attack_negative,,
187520,1,0,label_noise_corrected,dynamic_attack_negative,,
187546,1,0,label_noise_corrected,dynamic_attack_negative,,
187547,1,0,label_noise_corrected,dynamic_attack_negative,,
187555,1,0,label_noise_corrected,dynamic_attack_negative,,
187587,1,0,label_noise_corrected,dynamic_attack_negative,,
187588,1,0,label_noise_corrected,dynamic_attack_negative,,
187590,1,0,label_noise_corrected,dynamic_attack_negative,,
187591,1,0,label_noise_corrected,dynamic_attack_negative,,
187592,1,0,label_noise_corrected,dynamic_attack_negative,,
187593,1,0,label_noise_corrected,dynamic_attack_negative,,
187597,1,0,label_noise_corrected,dynamic_attack_negative,,
187598,1,0,label_noise_corrected,dynamic_attack_negative,,
187609,1,0,label_noise_corrected,dynamic_attack_negative,,
187610,1,0,label_noise_corrected,dynamic_attack_negative,,
187612,1,0,label_noise_corrected,dynamic_attack_negative,,
187614,1,0,label_noise_corrected,dynamic_attack_negative,,
187615,1,0,label_noise_corrected,dynamic_attack_negative,,
187616,1,0,label_noise_corrected,dynamic_attack_negative,,
187619,1,0,label_noise_corrected,dynamic_attack_negative,,
187621,1,0,label_noise_corrected,dynamic_attack_negative,,
187625,1,0,label_noise_corrected,dynamic_attack_negative,,
187626,1,0,label_noise_corrected,dynamic_attack_negative,,
187628,1,0,label_noise_corrected,dynamic_attack_negative,,
187630,1,0,label_noise_corrected,dynamic_attack_negative,,
187631,1,0,label_noise_corrected,dynamic_attack_negative,,
187632,1,0,label_noise_corrected,dynamic_attack_negative,,
187633,1,0,label_noise_corrected,dynamic_attack_negative,,
187634,1,0,label_noise_corrected,dynamic_attack_negative,,
187635,1,0,label_noise_corrected,dynamic_attack_negative,,
187636,1,0,label_noise_corrected,dynamic_attack_negative,,
187637,1,0,label_noise_corrected,dynamic_attack_negative,,
187639,1,0,label_noise_corrected,dynamic_attack_negative,,
187640,1,0,label_noise_corrected,dynamic_attack_negative,,
187641,1,0,label_noise_corrected,dynamic_attack_negative,,
187642,1,0,label_noise_corrected,dynamic_attack_negative,,
187643,1,0,label_noise_corrected,dynamic_attack_negative,,
187644,1,0,label_noise_corrected,dynamic_attack_negative,,
187645,1,0,label_noise_corrected,dynamic_attack_negative,,
187646,1,0,label_noise_corrected,dynamic_attack_negative,,
187647,1,0,label_noise_corrected,dynamic_attack_negative,,
187648,1,0,label_noise_corrected,dynamic_attack_negative,,
187649,1,0,label_noise_corrected,dynamic_attack_negative,,
187650,1,0,label_noise_corrected,dynamic_attack_negative,,
187651,1,0,label_noise_corrected,dynamic_attack_negative,,
187652,1,0,label_noise_corrected,dynamic_attack_negative,,
187653,1,0,label_noise_corrected,dynamic_attack_negative,,
187654,1,0,label_noise_corrected,dynamic_attack_negative,,
187655,1,0,label_noise_corrected,dynamic_attack_negative,,
187656,1,0,label_noise_corrected,dynamic_attack_negative,,
187657,1,0,label_noise_corrected,dynamic_attack_negative,,
187658,1,0,label_noise_corrected,dynamic_attack_negative,,
187659,1,0,label_noise_corrected,dynamic_attack_negative,,
187660,1,0,label_noise_corrected,dynamic_attack_negative,,
187661,1,0,label_noise_corrected,dynamic_attack_negative,,
187662,1,0,label_noise_corrected,dynamic_attack_negative,,
187663,1,0,label_noise_corrected,dynamic_attack_negative,,
187664,1,0,label_noise_corrected,dynamic_attack_negative,,
187665,1,0,label_noise_corrected,dynamic_attack_negative,,
187666,1,0,label_noise_corrected,dynamic_attack_negative,,
187667,1,0,label_noise_corrected,dynamic_attack_negative,,
187668,1,0,label_noise_corrected,dynamic_attack_negative,,
187669,1,0,label_noise_corrected,dynamic_attack_negative,,
187670,1,0,label_noise_corrected,dynamic_attack_negative,,
187671,1,0,label_noise_corrected,dynamic_attack_negative,,
187672,1,0,label_noise_corrected,dynamic_attack_negative,,
187673,1,0,label_noise_corrected,dynamic_attack_negative,,
187674,1,0,label_noise_corrected,dynamic_attack_negative,,
187675,1,0,label_noise_corrected,dynamic_attack_negative,,
187676,1,0,label_noise_corrected,dynamic_attack_negative,,
187677,1,0,label_noise_corrected,dynamic_attack_negative,,
187678,1,0,label_noise_corrected,dynamic_attack_negative,,
187679,1,0,label_noise_corrected,dynamic_attack_negative,,
187680,1,0,label_noise_corrected,dynamic_attack_negative,,
187689,1,0,label_noise_corrected,dynamic_attack_negative,,
187690,1,0,label_noise_corrected,dynamic_attack_negative,,
187691,1,0,label_noise_corrected,dynamic_attack_negative,,
187693,1,0,label_noise_corrected,dynamic_attack_negative,,
187695,1,0,label_noise_corrected,dynamic_attack_negative,,
187696,1,0,label_noise_corrected,dynamic_attack_negative,,
187697,1,0,label_noise_corrected,dynamic_attack_negative,,
187698,1,0,label_noise_corrected,dynamic_attack_negative,,
187699,1,0,label_noise_corrected,dynamic_attack_negative,,
187700,1,0,label_noise_corrected,dynamic_attack_negative,,
187701,1,0,label_noise_corrected,dynamic_attack_negative,,
187702,1,0,label_noise_corrected,dynamic_attack_negative,,
187703,1,0,label_noise_corrected,dynamic_attack_negative,,
187704,1,0,label_noise_corrected,dynamic_attack_negative,,
187705,1,0,label_noise_corrected,dynamic_attack_negative,,
187706,1,0,label_noise_corrected,dynamic_attack_negative,,
187708,1,0,label_noise_corrected,dynamic_attack_negative,,
187709,1,0,label_noise_corrected,dynamic_attack_negative,,
187711,1,0,label_noise_corrected,dynamic_attack_negative,,
187712,1,0,label_noise_corrected,dynamic_attack_negative,,
187713,1,0,label_noise_corrected,dynamic_attack_negative,,
187714,1,0,label_noise_corrected,dynamic_attack_negative,,
187715,1,0,label_noise_corrected,dynamic_attack_negative,,
187716,1,0,label_noise_corrected,dynamic_attack_negative,,
187717,1,0,label_noise_corrected,dynamic_attack_negative,,
187718,1,0,label_noise_corrected,dynamic_attack_negative,,
187719,1,0,label_noise_corrected,dynamic_attack_negative,,
187720,1,0,label_noise_corrected,dynamic_attack_negative,,
187721,1,0,label_noise_corrected,dynamic_attack_negative,,
187722,1,0,label_noise_corrected,dynamic_attack_negative,,
187726,1,0,label_noise_corrected,dynamic_attack_negative,,
187727,1,0,label_noise_corrected,dynamic_attack_negative,,
187728,1,0,label_noise_corrected,dynamic_attack_negative,,
187729,1,0,label_noise_corrected,dynamic_attack_negative,,
187730,1,0,label_noise_corrected,dynamic_attack_negative,,
187731,1,0,label_noise_corrected,dynamic_attack_negative,,
187733,1,0,label_noise_corrected,dynamic_attack_negative,,
187734,1,0,label_noise_corrected,dynamic_attack_negative,,
187735,1,0,label_noise_corrected,dynamic_attack_negative,,
187736,1,0,label_noise_corrected,dynamic_attack_negative,,
187737,1,0,label_noise_corrected,dynamic_attack_negative,,
187738,1,0,label_noise_corrected,dynamic_attack_negative,,
187739,1,0,label_noise_corrected,dynamic_attack_negative,,
187740,1,0,label_noise_corrected,dynamic_attack_negative,,
187741,1,0,label_noise_corrected,dynamic_attack_negative,,
187742,1,0,label_noise_corrected,dynamic_attack_negative,,
187746,1,0,label_noise_corrected,dynamic_attack_negative,,
187748,1,0,label_noise_corrected,dynamic_attack_negative,,
187750,1,0,label_noise_corrected,dynamic_attack_negative,,
187751,1,0,label_noise_corrected,dynamic_attack_negative,,
187752,1,0,label_noise_corrected,dynamic_attack_negative,,
187753,1,0,label_noise_corrected,dynamic_attack_negative,,
187754,1,0,label_noise_corrected,dynamic_attack_negative,,
187756,1,0,label_noise_corrected,dynamic_attack_negative,,
187757,1,0,label_noise_corrected,dynamic_attack_negative,,
187758,1,0,label_noise_corrected,dynamic_attack_negative,,
187759,1,0,label_noise_corrected,dynamic_attack_negative,,
187760,1,0,label_noise_corrected,dynamic_attack_negative,,
187761,1,0,label_noise_corrected,dynamic_attack_negative,,
187762,1,0,label_noise_corrected,dynamic_attack_negative,,
187763,1,0,label_noise_corrected,dynamic_attack_negative,,
187764,1,0,label_noise_corrected,dynamic_attack_negative,,
187765,1,0,label_noise_corrected,dynamic_attack_negative,,
187793,1,0,label_noise_corrected,dynamic_attack_negative,,
187821,1,0,label_noise_corrected,dynamic_attack_negative,,
187822,1,0,label_noise_corrected,dynamic_attack_negative,,
187824,1,0,label_noise_corrected,dynamic_attack_negative,,
187847,1,0,label_noise_corrected,dynamic_attack_negative,,
187848,1,0,label_noise_corrected,dynamic_attack_negative,,
187871,1,0,label_noise_corrected,dynamic_attack_negative,,
187872,1,0,label_noise_corrected,dynamic_attack_negative,,
187879,1,0,label_noise_corrected,dynamic_attack_negative,,
187916,1,0,label_noise_corrected,dynamic_attack_negative,,
187951,1,0,label_noise_corrected,dynamic_attack_negative,,
188004,1,0,label_noise_corrected,dynamic_attack_negative,,
188007,1,0,label_noise_corrected,dynamic_attack_negative,,
188078,1,0,label_noise_corrected,dynamic_attack_negative,,
188088,1,0,label_noise_corrected,dynamic_attack_negative,,
188118,1,0,label_noise_corrected,dynamic_attack_negative,,
188119,1,0,label_noise_corrected,dynamic_attack_negative,,
188120,1,0,label_noise_corrected,dynamic_attack_negative,,
188121,1,0,label_noise_corrected,dynamic_attack_negative,,
188147,1,0,label_noise_corrected,dynamic_attack_negative,,
188148,1,0,label_noise_corrected,dynamic_attack_negative,,
188149,1,0,label_noise_corrected,dynamic_attack_negative,,
188150,1,0,label_noise_corrected,dynamic_attack_negative,,
188151,1,0,label_noise_corrected,dynamic_attack_negative,,
188168,1,0,label_noise_corrected,dynamic_attack_negative,,
188169,1,0,label_noise_corrected,dynamic_attack_negative,,
188170,1,0,label_noise_corrected,dynamic_attack_negative,,
188178,1,0,label_noise_corrected,dynamic_attack_negative,,
188179,1,0,label_noise_corrected,dynamic_attack_negative,,
188193,1,0,label_noise_corrected,dynamic_attack_negative,,
188194,1,0,label_noise_corrected,dynamic_attack_negative,,
188200,1,0,label_noise_corrected,dynamic_attack_negative,,
188252,1,0,label_noise_corrected,dynamic_attack_negative,,
188259,1,0,label_noise_corrected,dynamic_attack_negative,,
188260,1,0,label_noise_corrected,dynamic_attack_negative,,
188261,1,0,label_noise_corrected,dynamic_attack_negative,,
188262,1,0,label_noise_corrected,dynamic_attack_negative,,
188263,1,0,label_noise_corrected,dynamic_attack_negative,,
188264,1,0,label_noise_corrected,dynamic_attack_negative,,
188265,1,0,label_noise_corrected,dynamic_attack_negative,,
188266,1,0,label_noise_corrected,dynamic_attack_negative,,
188267,1,0,label_noise_corrected,dynamic_attack_negative,,
188268,1,0,label_noise_corrected,dynamic_attack_negative,,
188269,1,0,label_noise_corrected,dynamic_attack_negative,,
188270,1,0,label_noise_corrected,dynamic_attack_negative,,
188271,1,0,label_noise_corrected,dynamic_attack_negative,,
188272,1,0,label_noise_corrected,dynamic_attack_negative,,
188273,1,0,label_noise_corrected,dynamic_attack_negative,,
188274,1,0,label_noise_corrected,dynamic_attack_negative,,
188276,1,0,label_noise_corrected,dynamic_attack_negative,,
188277,1,0,label_noise_corrected,dynamic_attack_negative,,
188278,1,0,label_noise_corrected,dynamic_attack_negative,,
188280,1,0,label_noise_corrected,dynamic_attack_negative,,
188281,1,0,label_noise_corrected,dynamic_attack_negative,,
188282,1,0,label_noise_corrected,dynamic_attack_negative,,
188283,1,0,label_noise_corrected,dynamic_attack_negative,,
188284,1,0,label_noise_corrected,dynamic_attack_negative,,
188285,1,0,label_noise_corrected,dynamic_attack_negative,,
188286,1,0,label_noise_corrected,dynamic_attack_negative,,
188287,1,0,label_noise_corrected,dynamic_attack_negative,,
188288,1,0,label_noise_corrected,dynamic_attack_negative,,
188289,1,0,label_noise_corrected,dynamic_attack_negative,,
188290,1,0,label_noise_corrected,dynamic_attack_negative,,
188291,1,0,label_noise_corrected,dynamic_attack_negative,,
188292,1,0,label_noise_corrected,dynamic_attack_negative,,
188293,1,0,label_noise_corrected,dynamic_attack_negative,,
188294,1,0,label_noise_corrected,dynamic_attack_negative,,
188295,1,0,label_noise_corrected,dynamic_attack_negative,,
188296,1,0,label_noise_corrected,dynamic_attack_negative,,
188297,1,0,label_noise_corrected,dynamic_attack_negative,,
188298,1,0,label_noise_corrected,dynamic_attack_negative,,
188299,1,0,label_noise_corrected,dynamic_attack_negative,,
188300,1,0,label_noise_corrected,dynamic_attack_negative,,
188302,1,0,label_noise_corrected,dynamic_attack_negative,,
188303,1,0,label_noise_corrected,dynamic_attack_negative,,
188304,1,0,label_noise_corrected,dynamic_attack_negative,,
188305,1,0,label_noise_corrected,dynamic_attack_negative,,
188306,1,0,label_noise_corrected,dynamic_attack_negative,,
188307,1,0,label_noise_corrected,dynamic_attack_negative,,
188308,1,0,label_noise_corrected,dynamic_attack_negative,,
188309,1,0,label_noise_corrected,dynamic_attack_negative,,
188310,1,0,label_noise_corrected,dynamic_attack_negative,,
188311,1,0,label_noise_corrected,dynamic_attack_negative,,
188312,1,0,label_noise_corrected,dynamic_attack_negative,,
188313,1,0,label_noise_corrected,dynamic_attack_negative,,
188314,1,0,label_noise_corrected,dynamic_attack_negative,,
188315,1,0,label_noise_corrected,dynamic_attack_negative,,
188316,1,0,label_noise_corrected,dynamic_attack_negative,,
188317,1,0,label_noise_corrected,dynamic_attack_negative,,
188318,1,0,label_noise_corrected,dynamic_attack_negative,,
188319,1,0,label_noise_corrected,dynamic_attack_negative,,
188320,1,0,label_noise_corrected,dynamic_attack_negative,,
188321,1,0,label_noise_corrected,dynamic_attack_negative,,
188322,1,0,label_noise_corrected,dynamic_attack_negative,,
188323,1,0,label_noise_corrected,dynamic_attack_negative,,
188324,1,0,label_noise_corrected,dynamic_attack_negative,,
188325,1,0,label_noise_corrected,dynamic_attack_negative,,
188326,1,0,label_noise_corrected,dynamic_attack_negative,,
188327,1,0,label_noise_corrected,dynamic_attack_negative,,
188330,1,0,label_noise_corrected,dynamic_attack_negative,,
188331,1,0,label_noise_corrected,dynamic_attack_negative,,
188332,1,0,label_noise_corrected,dynamic_attack_negative,,
188333,1,0,label_noise_corrected,dynamic_attack_negative,,
188334,1,0,label_noise_corrected,dynamic_attack_negative,,
188335,1,0,label_noise_corrected,dynamic_attack_negative,,
188337,1,0,label_noise_corrected,dynamic_attack_negative,,
188338,1,0,label_noise_corrected,dynamic_attack_negative,,
188339,1,0,label_noise_corrected,dynamic_attack_negative,,
188340,1,0,label_noise_corrected,dynamic_attack_negative,,
188341,1,0,label_noise_corrected,dynamic_attack_negative,,
188344,1,0,label_noise_corrected,dynamic_attack_negative,,
188345,1,0,label_noise_corrected,dynamic_attack_negative,,
188346,1,0,label_noise_corrected,dynamic_attack_negative,,
188347,1,0,label_noise_corrected,dynamic_attack_negative,,
188348,1,0,label_noise_corrected,dynamic_attack_negative,,
188349,1,0,label_noise_corrected,dynamic_attack_negative,,
188350,1,0,label_noise_corrected,dynamic_attack_negative,,
188351,1,0,label_noise_corrected,dynamic_attack_negative,,
188352,1,0,label_noise_corrected,dynamic_attack_negative,,
188353,1,0,label_noise_corrected,dynamic_attack_negative,,
188354,1,0,label_noise_corrected,dynamic_attack_negative,,
188355,1,0,label_noise_corrected,dynamic_attack_negative,,
188356,1,0,label_noise_corrected,dynamic_attack_negative,,
188357,1,0,label_noise_corrected,dynamic_attack_negative,,
188358,1,0,label_noise_corrected,dynamic_attack_negative,,
188359,1,0,label_noise_corrected,dynamic_attack_negative,,
188362,1,0,label_noise_corrected,dynamic_attack_negative,,
188363,1,0,label_noise_corrected,dynamic_attack_negative,,
188364,1,0,label_noise_corrected,dynamic_attack_negative,,
188365,1,0,label_noise_corrected,dynamic_attack_negative,,
188366,1,0,label_noise_corrected,dynamic_attack_negative,,
188369,1,0,label_noise_corrected,dynamic_attack_negative,,
188370,1,0,label_noise_corrected,dynamic_attack_negative,,
188371,1,0,label_noise_corrected,dynamic_attack_negative,,
188372,1,0,label_noise_corrected,dynamic_attack_negative,,
188373,1,0,label_noise_corrected,dynamic_attack_negative,,
188374,1,0,label_noise_corrected,dynamic_attack_negative,,
188375,1,0,label_noise_corrected,dynamic_attack_negative,,
188376,1,0,label_noise_corrected,dynamic_attack_negative,,
188377,1,0,label_noise_corrected,dynamic_attack_negative,,
188378,1,0,label_noise_corrected,dynamic_attack_negative,,
188379,1,0,label_noise_corrected,dynamic_attack_negative,,
188380,1,0,label_noise_corrected,dynamic_attack_negative,,
188381,1,0,label_noise_corrected,dynamic_attack_negative,,
188382,1,0,label_noise_corrected,dynamic_attack_negative,,
188383,1,0,label_noise_corrected,dynamic_attack_negative,,
188385,1,0,label_noise_corrected,dynamic_attack_negative,,
188387,1,0,label_noise_corrected,dynamic_attack_negative,,
188388,1,0,label_noise_corrected,dynamic_attack_negative,,
188389,1,0,label_noise_corrected,dynamic_attack_negative,,
188390,1,0,label_noise_corrected,dynamic_attack_negative,,
188391,1,0,label_noise_corrected,dynamic_attack_negative,,
188392,1,0,label_noise_corrected,dynamic_attack_negative,,
188393,1,0,label_noise_corrected,dynamic_attack_negative,,
188394,1,0,label_noise_corrected,dynamic_attack_negative,,
188395,1,0,label_noise_corrected,dynamic_attack_negative,,
188396,1,0,label_noise_corrected,dynamic_attack_negative,,
188397,1,0,label_noise_corrected,dynamic_attack_negative,,
188398,1,0,label_noise_corrected,dynamic_attack_negative,,
188399,1,0,label_noise_corrected,dynamic_attack_negative,,
188400,1,0,label_noise_corrected,dynamic_attack_negative,,
188401,1,0,label_noise_corrected,dynamic_attack_negative,,
188402,1,0,label_noise_corrected,dynamic_attack_negative,,
188403,1,0,label_noise_corrected,dynamic_attack_negative,,
188404,1,0,label_noise_corrected,dynamic_attack_negative,,
188405,1,0,label_noise_corrected,dynamic_attack_negative,,
188406,1,0,label_noise_corrected,dynamic_attack_negative,,
188407,1,0,label_noise_corrected,dynamic_attack_negative,,
188408,1,0,label_noise_corrected,dynamic_attack_negative,,
188409,1,0,label_noise_corrected,dynamic_attack_negative,,
188410,1,0,label_noise_corrected,dynamic_attack_negative,,
188411,1,0,label_noise_corrected,dynamic_attack_negative,,
188413,1,0,label_noise_corrected,dynamic_attack_negative,,
188414,1,0,label_noise_corrected,dynamic_attack_negative,,
188415,1,0,label_noise_corrected,dynamic_attack_negative,,
188418,1,0,label_noise_corrected,dynamic_attack_negative,,
188420,1,0,label_noise_corrected,dynamic_attack_negative,,
188421,1,0,label_noise_corrected,dynamic_attack_negative,,
188423,1,0,label_noise_corrected,dynamic_attack_negative,,
188424,1,0,label_noise_corrected,dynamic_attack_negative,,
188425,1,0,label_noise_corrected,dynamic_attack_negative,,
188426,1,0,label_noise_corrected,dynamic_attack_negative,,
188427,1,0,label_noise_corrected,dynamic_attack_negative,,
188428,1,0,label_noise_corrected,dynamic_attack_negative,,
188429,1,0,label_noise_corrected,dynamic_attack_negative,,
188430,1,0,label_noise_corrected,dynamic_attack_negative,,
188432,1,0,label_noise_corrected,dynamic_attack_negative,,
188433,1,0,label_noise_corrected,dynamic_attack_negative,,
188435,1,0,label_noise_corrected,dynamic_attack_negative,,
188436,1,0,label_noise_corrected,dynamic_attack_negative,,
188437,1,0,label_noise_corrected,dynamic_attack_negative,,
188438,1,0,label_noise_corrected,dynamic_attack_negative,,
188439,1,0,label_noise_corrected,dynamic_attack_negative,,
188440,1,0,label_noise_corrected,dynamic_attack_negative,,
188441,1,0,label_noise_corrected,dynamic_attack_negative,,
188442,1,0,label_noise_corrected,dynamic_attack_negative,,
188444,1,0,label_noise_corrected,dynamic_attack_negative,,
188446,1,0,label_noise_corrected,dynamic_attack_negative,,
188447,1,0,label_noise_corrected,dynamic_attack_negative,,
188448,1,0,label_noise_corrected,dynamic_attack_negative,,
188450,1,0,label_noise_corrected,dynamic_attack_negative,,
188451,1,0,label_noise_corrected,dynamic_attack_negative,,
188452,1,0,label_noise_corrected,dynamic_attack_negative,,
188453,1,0,label_noise_corrected,dynamic_attack_negative,,
188454,1,0,label_noise_corrected,dynamic_attack_negative,,
188455,1,0,label_noise_corrected,dynamic_attack_negative,,
188457,1,0,label_noise_corrected,dynamic_attack_negative,,
188458,1,0,label_noise_corrected,dynamic_attack_negative,,
188459,1,0,label_noise_corrected,dynamic_attack_negative,,
188460,1,0,label_noise_corrected,dynamic_attack_negative,,
188461,1,0,label_noise_corrected,dynamic_attack_negative,,
188462,1,0,label_noise_corrected,dynamic_attack_negative,,
188463,1,0,label_noise_corrected,dynamic_attack_negative,,
188464,1,0,label_noise_corrected,dynamic_attack_negative,,
188465,1,0,label_noise_corrected,dynamic_attack_negative,,
188466,1,0,label_noise_corrected,dynamic_attack_negative,,
188467,1,0,label_noise_corrected,dynamic_attack_negative,,
188468,1,0,label_noise_corrected,dynamic_attack_negative,,
188469,1,0,label_noise_corrected,dynamic_attack_negative,,
188471,1,0,label_noise_corrected,dynamic_attack_negative,,
188472,1,0,label_noise_corrected,dynamic_attack_negative,,
188473,1,0,label_noise_corrected,dynamic_attack_negative,,
188474,1,0,label_noise_corrected,dynamic_attack_negative,,
188475,1,0,label_noise_corrected,dynamic_attack_negative,,
188476,1,0,label_noise_corrected,dynamic_attack_negative,,
188477,1,0,label_noise_corrected,dynamic_attack_negative,,
188478,1,0,label_noise_corrected,dynamic_attack_negative,,
188480,1,0,label_noise_corrected,dynamic_attack_negative,,
188481,1,0,label_noise_corrected,dynamic_attack_negative,,
188482,1,0,label_noise_corrected,dynamic_attack_negative,,
188483,1,0,label_noise_corrected,dynamic_attack_negative,,
188484,1,0,label_noise_corrected,dynamic_attack_negative,,
188485,1,0,label_noise_corrected,dynamic_attack_negative,,
188486,1,0,label_noise_corrected,dynamic_attack_negative,,
188487,1,0,label_noise_corrected,dynamic_attack_negative,,
188488,1,0,label_noise_corrected,dynamic_attack_negative,,
188489,1,0,label_noise_corrected,dynamic_attack_negative,,
188490,1,0,label_noise_corrected,dynamic_attack_negative,,
188491,1,0,label_noise_corrected,dynamic_attack_negative,,
188493,1,0,label_noise_corrected,dynamic_attack_negative,,
188494,1,0,label_noise_corrected,dynamic_attack_negative,,
188495,1,0,label_noise_corrected,dynamic_attack_negative,,
188497,1,0,label_noise_corrected,dynamic_attack_negative,,
188499,1,0,label_noise_corrected,dynamic_attack_negative,,
188502,1,0,label_noise_corrected,dynamic_attack_negative,,
188505,1,0,label_noise_corrected,dynamic_attack_negative,,
188506,1,0,label_noise_corrected,dynamic_attack_negative,,
188507,1,0,label_noise_corrected,dynamic_attack_negative,,
188508,1,0,label_noise_corrected,dynamic_attack_negative,,
188512,1,0,label_noise_corrected,dynamic_attack_negative,,
188513,1,0,label_noise_corrected,dynamic_attack_negative,,
188517,1,0,label_noise_corrected,dynamic_attack_negative,,
188520,1,0,label_noise_corrected,dynamic_attack_negative,,
188521,1,0,label_noise_corrected,dynamic_attack_negative,,
188523,1,0,label_noise_corrected,dynamic_attack_negative,,
188524,1,0,label_noise_corrected,dynamic_attack_negative,,
188525,1,0,label_noise_corrected,dynamic_attack_negative,,
188526,1,0,label_noise_corrected,dynamic_attack_negative,,
188527,1,0,label_noise_corrected,dynamic_attack_negative,,
188528,1,0,label_noise_corrected,dynamic_attack_negative,,
188529,1,0,label_noise_corrected,dynamic_attack_negative,,
188531,1,0,label_noise_corrected,dynamic_attack_negative,,
188532,1,0,label_noise_corrected,dynamic_attack_negative,,
188533,1,0,label_noise_corrected,dynamic_attack_negative,,
188535,1,0,label_noise_corrected,dynamic_attack_negative,,
188536,1,0,label_noise_corrected,dynamic_attack_negative,,
188537,1,0,label_noise_corrected,dynamic_attack_negative,,
188538,1,0,label_noise_corrected,dynamic_attack_negative,,
188539,1,0,label_noise_corrected,dynamic_attack_negative,,
188540,1,0,label_noise_corrected,dynamic_attack_negative,,
188541,1,0,label_noise_corrected,dynamic_attack_negative,,
188542,1,0,label_noise_corrected,dynamic_attack_negative,,
188543,1,0,label_noise_corrected,dynamic_attack_negative,,
188544,1,0,label_noise_corrected,dynamic_attack_negative,,
188545,1,0,label_noise_corrected,dynamic_attack_negative,,
188546,1,0,label_noise_corrected,dynamic_attack_negative,,
188547,1,0,label_noise_corrected,dynamic_attack_negative,,
188548,1,0,label_noise_corrected,dynamic_attack_negative,,
188549,1,0,label_noise_corrected,dynamic_attack_negative,,
188550,1,0,label_noise_corrected,dynamic_attack_negative,,
188551,1,0,label_noise_corrected,dynamic_attack_negative,,
188552,1,0,label_noise_corrected,dynamic_attack_negative,,
188553,1,0,label_noise_corrected,dynamic_attack_negative,,
188554,1,0,label_noise_corrected,dynamic_attack_negative,,
188555,1,0,label_noise_corrected,dynamic_attack_negative,,
188559,1,0,label_noise_corrected,dynamic_attack_negative,,
188560,1,0,label_noise_corrected,dynamic_attack_negative,,
188561,1,0,label_noise_corrected,dynamic_attack_negative,,
188563,1,0,label_noise_corrected,dynamic_attack_negative,,
188564,1,0,label_noise_corrected,dynamic_attack_negative,,
188565,1,0,label_noise_corrected,dynamic_attack_negative,,
188566,1,0,label_noise_corrected,dynamic_attack_negative,,
188567,1,0,label_noise_corrected,dynamic_attack_negative,,
188568,1,0,label_noise_corrected,dynamic_attack_negative,,
188569,1,0,label_noise_corrected,dynamic_attack_negative,,
188570,1,0,label_noise_corrected,dynamic_attack_negative,,
188571,1,0,label_noise_corrected,dynamic_attack_negative,,
188572,1,0,label_noise_corrected,dynamic_attack_negative,,
188573,1,0,label_noise_corrected,dynamic_attack_negative,,
188574,1,0,label_noise_corrected,dynamic_attack_negative,,
188575,1,0,label_noise_corrected,dynamic_attack_negative,,
188576,1,0,label_noise_corrected,dynamic_attack_negative,,
188577,1,0,label_noise_corrected,dynamic_attack_negative,,
188578,1,0,label_noise_corrected,dynamic_attack_negative,,
188579,1,0,label_noise_corrected,dynamic_attack_negative,,
188580,1,0,label_noise_corrected,dynamic_attack_negative,,
188581,1,0,label_noise_corrected,dynamic_attack_negative,,
188582,1,0,label_noise_corrected,dynamic_attack_negative,,
188583,1,0,label_noise_corrected,dynamic_attack_negative,,
188584,1,0,label_noise_corrected,dynamic_attack_negative,,
188585,1,0,label_noise_corrected,dynamic_attack_negative,,
188586,1,0,label_noise_corrected,dynamic_attack_negative,,
188587,1,0,label_noise_corrected,dynamic_attack_negative,,
188588,1,0,label_noise_corrected,dynamic_attack_negative,,
188589,1,0,label_noise_corrected,dynamic_attack_negative,,
188590,1,0,label_noise_corrected,dynamic_attack_negative,,
188591,1,0,label_noise_corrected,dynamic_attack_negative,,
188592,1,0,label_noise_corrected,dynamic_attack_negative,,
188593,1,0,label_noise_corrected,dynamic_attack_negative,,
188594,1,0,label_noise_corrected,dynamic_attack_negative,,
188595,1,0,label_noise_corrected,dynamic_attack_negative,,
188596,1,0,label_noise_corrected,dynamic_attack_negative,,
188597,1,0,label_noise_corrected,dynamic_attack_negative,,
188598,1,0,label_noise_corrected,dynamic_attack_negative,,
188599,1,0,label_noise_corrected,dynamic_attack_negative,,
188600,1,0,label_noise_corrected,dynamic_attack_negative,,
188601,1,0,label_noise_corrected,dynamic_attack_negative,,
188602,1,0,label_noise_corrected,dynamic_attack_negative,,
188603,1,0,label_noise_corrected,dynamic_attack_negative,,
188604,1,0,label_noise_corrected,dynamic_attack_negative,,
188605,1,0,label_noise_corrected,dynamic_attack_negative,,
188607,1,0,label_noise_corrected,dynamic_attack_negative,,
188608,1,0,label_noise_corrected,dynamic_attack_negative,,
188609,1,0,label_noise_corrected,dynamic_attack_negative,,
188610,1,0,label_noise_corrected,dynamic_attack_negative,,
188611,1,0,label_noise_corrected,dynamic_attack_negative,,
188612,1,0,label_noise_corrected,dynamic_attack_negative,,
188613,1,0,label_noise_corrected,dynamic_attack_negative,,
188614,1,0,label_noise_corrected,dynamic_attack_negative,,
188615,1,0,label_noise_corrected,dynamic_attack_negative,,
188616,1,0,label_noise_corrected,dynamic_attack_negative,,
188617,1,0,label_noise_corrected,dynamic_attack_negative,,
188618,1,0,label_noise_corrected,dynamic_attack_negative,,
188621,1,0,label_noise_corrected,dynamic_attack_negative,,
188622,1,0,label_noise_corrected,dynamic_attack_negative,,
188626,1,0,label_noise_corrected,dynamic_attack_negative,,
188627,1,0,label_noise_corrected,dynamic_attack_negative,,
188628,1,0,label_noise_corrected,dynamic_attack_negative,,
